x,y,z,Bx,By,Bz
79,185,28,966.408,-1645.6,240.4
83,185,28,1328.2101,-1792.736,211.552
87,185,28,1799.394,-1936.0,153.856
91,185,28,2411.2122,-2054.0959,50.484
95,185,28,3247.804,-2116.0481,-127.412
99,185,28,4509.9043,-2003.76,-581.768
103,185,28,5913.8403,-1448.1281,-2057.824
107,185,28,6469.1641,-453.024,-4372.876
111,185,28,6042.4541,737.616,-7094.2041
115,185,28,4038.72,1841.136,-10104.0117
119,185,28,-613.02,2313.52,-11535.5938
123,185,28,-4652.9419,2007.632,-9082.3125
127,185,28,-6016.0103,1498.464,-6090.5342
131,185,28,-6347.7622,1008.656,-3881.2581
135,185,28,-6387.4282,555.632,-2172.0142
139,185,28,-6354.9741,133.584,-723.604
143,185,28,-6316.5103,-271.04,623.838
147,185,28,-6280.4502,-683.408,2032.582
151,185,28,-6186.6943,-1113.2,3638.4541
155,185,28,-5866.9619,-1572.032,5663.8242
159,185,28,-4787.5659,-2019.248,8352.6982
163,185,28,-1573.418,-2241.8879,11021.1387
167,185,28,2944.9001,-1812.0959,10487.4502
171,185,28,5253.9419,-805.376,7886.3223
175,185,28,5960.7183,329.12,5335.6782
179,185,28,5751.5703,1328.0959,3002.5959
183,185,28,4618.084,1966.976,1146.708
187,185,28,3230.9761,2150.896,379.832
191,185,28,2309.042,2098.624,133.422
195,185,28,1679.194,1966.976,3.606
199,185,28,1218.828,1812.0959,-72.12
203,185,28,876.258,1653.344,-116.594
203,189,28,1004.872,1372.624,31.252
199,189,28,1339.0281,1465.552,117.796
195,189,28,1772.9501,1541.056,251.218
191,189,28,2346.304,1575.9039,466.376
187,189,28,3121.594,1521.696,840.198
183,189,28,4136.082,1239.04,1647.942
179,189,28,4856.0801,555.632,3178.0881
175,189,28,4874.1099,-433.664,4984.6938
171,189,28,4190.1719,-1523.632,6945.1562
167,189,28,2336.688,-2412.2561,8952.4961
163,189,28,-1340.23,-2590.3679,9578.7383
159,189,28,-4282.7261,-2152.832,7451.1982
155,189,28,-5368.1323,-1653.344,5113.3081
151,189,28,-5725.126,-1182.896,3311.51
147,189,28,-5845.3262,-745.36,1875.12
143,189,28,-5897.0122,-321.376,607.01
139,189,28,-5928.2642,100.672,-610.616
135,189,28,-5943.8901,538.208,-1911.1801
131,189,28,-5881.3862,997.04,-3444.9321
127,189,28,-5537.6143,1473.296,-5409.0
123,189,28,-4237.0503,1982.464,-8022.1479
119,189,28,-671.918,2414.1919,-10010.2559
115,189,28,3092.7461,2110.24,-8845.5186
111,189,28,4826.0303,1151.92,-6584.5562
107,189,28,5348.8999,65.824,-4529.1362
103,189,28,5132.54,-861.52,-2692.48
99,189,28,4252.6763,-1399.728,-1312.584
95,189,28,3257.4202,-1560.416,-632.252
91,189,28,2494.1501,-1568.16,-295.692
87,189,28,1911.1801,-1521.696,-100.968
83,189,28,1452.016,-1448.1281,18.03
79,189,28,1092.618,-1359.072,88.948
79,193,28,1161.1321,-1086.0959,-20.434
83,193,28,1503.702,-1120.944,-114.19
87,193,28,1935.2201,-1128.688,-264.44
91,193,28,2476.1201,-1097.712,-512.052
95,193,28,3151.644,-998.976,-932.752
99,193,28,3917.3181,-762.784,-1708.042
103,193,28,4395.7139,-253.616,-2914.8501
107,193,28,4368.0679,547.888,-4281.5239
111,193,28,3839.188,1450.064,-5797.2461
115,193,28,2444.8682,2214.7839,-7520.9141
119,193,28,-454.356,2445.168,-8632.7637
123,193,28,-3652.8782,1928.256,-7364.6543
127,193,28,-5042.3901,1378.432,-5021.9561
131,193,28,-5412.606,919.6,-3194.916
135,193,28,-5490.7363,474.32,-1792.182
139,193,28,-5493.1401,42.592,-609.414
143,193,28,-5471.5039,-375.584,500.032
147,193,28,-5422.2222,-784.08,1658.76
151,193,28,-5286.396,-1186.7679,2964.1321
155,193,28,-4888.5342,-1626.24,4602.458
159,193,28,-3726.2,-2174.1279,6672.3022
163,193,28,-983.236,-2785.9041,8107.4902
167,193,28,1778.9601,-2718.144,7328.5942
171,193,28,3191.3101,-1955.36,5880.1841
175,193,28,3851.208,-989.296,4520.7222
179,193,28,4018.2861,-94.864,3200.926
183,193,28,3651.676,565.312,1964.068
187,193,28,2942.4961,921.536,1153.92
191,193,28,2306.6379,1078.3521,710.382
195,193,28,1799.394,1132.5599,439.932
199,193,28,1396.724,1132.5599,265.642
203,193,28,1076.9921,1099.6479,151.452
203,197,28,1098.6281,846.032,229.582
199,197,28,1384.704,828.608,354.59
195,197,28,1735.688,768.592,539.698
191,197,28,2159.9941,640.816,819.764
187,197,28,2652.814,408.496,1257.292
183,197,28,3134.8162,13.552,1978.4921
179,197,28,3280.2581,-561.44,2971.344
175,197,28,2988.1721,-1285.504,3931.7422
171,197,28,2365.5361,-2069.584,4827.2319
167,197,28,1324.604,-2718.144,5761.186
163,197,28,-537.294,-2869.1521,6532.8701
159,197,28,-2929.2742,-2247.696,6038.8481
155,197,28,-4378.8862,-1566.224,4359.6543
151,197,28,-4894.5439,-1155.792,2785.0339
147,197,28,-5041.188,-816.992,1530.146
143,197,28,-5068.834,-443.344,449.548
139,197,28,-5071.2383,-38.72,-574.556
135,197,28,-5056.814,391.072,-1670.78
131,197,28,-4966.6641,847.968,-2990.5762
127,197,28,-4556.7822,1366.816,-4731.0723
123,197,28,-3051.8782,2052.1599,-6672.3022
119,197,28,-407.478,2466.4639,-7264.8882
115,197,28,1815.02,2143.1521,-6381.418
111,197,28,3008.606,1473.296,-5097.6821
107,197,28,3560.324,772.464,-4009.8721
103,197,28,3801.926,203.28,-2992.98
99,197,28,3581.96,-189.728,-1893.15
95,197,28,2979.7581,-480.128,-1110.6481
91,197,28,2390.7781,-660.176,-659.898
87,197,28,1902.766,-764.72,-389.448
83,197,28,1506.1061,-815.056,-216.36
79,197,28,1185.172,-832.48,-105.776
79,201,28,1163.536,-605.968,-155.058
83,201,28,1449.6121,-547.888,-263.238
87,201,28,1798.192,-449.152,-429.114
91,201,28,2221.2961,-290.4,-686.342
95,201,28,2722.53,-50.336,-1101.032
99,201,28,3245.4001,267.168,-1807.808
103,201,28,3461.76,559.504,-2905.2341
107,201,28,3053.0801,778.272,-3881.2581
111,201,28,2384.7681,1188.704,-4663.7603
115,201,28,1248.8781,1746.272,-5514.7759
119,201,28,-549.314,2222.5281,-6002.7881
123,201,28,-2480.928,2249.6321,-5636.1782
127,201,28,-3857.218,1647.536,-4424.562
131,201,28,-4408.936,921.536,-2977.354
135,201,28,-4584.4282,346.544,-1742.9
139,201,28,-4640.9219,-121.968,-701.968
143,201,28,-4678.1841,-540.144,266.844
147,201,28,-4710.6382,-896.368,1328.2101
151,201,28,-4582.0239,-1182.896,2645.6021
155,201,28,-3825.9661,-1589.4559,4199.7881
159,201,28,-2185.2361,-2222.5281,5213.0742
163,201,28,-363.004,-2569.072,5137.3481
167,201,28,907.51,-2439.3601,4553.1763
171,201,28,1714.052,-1997.952,3994.2461
175,201,28,2311.446,-1436.512,3432.9121
179,201,28,2694.884,-888.624,2705.7021
183,201,28,2656.4202,-394.944,1872.7161
187,201,28,2331.8801,5.808,1263.302
191,201,28,1964.068,280.72,866.642
195,201,28,1623.902,454.96,597.394
199,201,28,1328.2101,561.44,413.488
203,201,28,1079.396,619.52,280.066
203,205,28,1022.902,425.92,304.106
199,205,28,1230.848,340.736,424.306
195,205,28,1466.4401,209.088,590.182
191,205,28,1724.87,11.616,822.168
187,205,28,1988.108,-271.04,1151.516
183,205,28,2205.6699,-656.304,1631.114
179,205,28,2224.9021,-1105.4561,2300.6279
175,205,28,1855.8881,-1508.144,2947.304
171,205,28,1299.3621,-1870.176,3353.5801
167,205,28,680.332,-2148.96,3755.0481
163,205,28,-269.248,-2253.5039,4281.5239
159,205,28,-1720.062,-2135.408,4487.0659
155,205,28,-3285.0662,-1800.48,3911.3081
151,205,28,-4246.666,-1428.7679,2489.342
147,205,28,-4362.0581,-1039.632,1078.194
143,205,28,-4261.0898,-598.224,38.464
139,205,28,-4168.5361,-106.48,-858.228
135,205,28,-4020.6902,466.576,-1770.546
131,205,28,-3714.1802,1144.176,-2662.4299
127,205,28,-3214.1479,1767.568,-3480.9919
123,205,28,-2402.7981,2011.504,-4377.6841
119,205,28,-965.206,1817.9039,-5198.6499
115,205,28,679.13,1430.704,-5326.062
111,205,28,1992.916,1136.432,-4904.1602
107,205,28,2924.4661,1115.136,-4065.1641
103,205,28,3249.0061,1018.336,-2703.2981
99,205,28,2898.022,654.368,-1646.74
95,205,28,2431.646,292.336,-1045.74
91,205,28,2014.552,13.552,-683.938
87,205,28,1659.962,-185.856,-450.75
83,205,28,1361.866,-321.376,-292.086
79,205,28,1110.6481,-410.432,-182.704
79,209,28,1032.5181,-247.808,-192.32
83,209,28,1240.464,-139.392,-283.672
87,209,28,1485.672,15.488,-417.094
91,209,28,1765.738,232.32,-605.808
95,209,28,2092.6821,528.528,-890.682
99,209,28,2467.7061,923.472,-1346.24
103,209,28,2842.73,1417.152,-2141.9641
107,209,28,2892.012,1825.6479,-3505.032
111,209,28,2057.824,1769.504,-4901.7559
115,209,28,530.082,1531.376,-5415.0103
119,209,28,-1128.678,1426.832,-5012.3403
123,209,28,-2432.8481,1391.984,-3876.45
127,209,28,-2894.416,1353.264,-2753.782
131,209,28,-3130.0081,1064.8,-2151.5801
135,209,28,-3404.064,580.8,-1611.8821
139,209,28,-3612.01,50.336,-984.438
143,209,28,-3750.24,-466.576,-266.844
147,209,28,-3862.0261,-1014.464,622.636
151,209,28,-3823.562,-1556.5439,1863.1
155,209,28,-2974.95,-1926.3199,3276.6521
159,209,28,-1543.368,-2119.9199,3834.3801
163,209,28,-310.116,-2139.28,3679.322
167,209,28,498.83,-2007.632,3222.562
171,209,28,1025.306,-1815.968,2884.8
175,209,28,1534.954,-1577.84,2474.918
179,209,28,1795.7881,-1219.6801,1896.756
183,209,28,1789.7781,-813.12,1401.532
187,209,28,1658.76,-456.896,1037.326
191,209,28,1483.2681,-185.856,770.482
195,209,28,1295.756,19.36,570.95
199,209,28,1113.052,164.56,421.902
203,209,28,943.57,267.168,308.914
203,213,28,854.622,143.264,299.298
199,213,28,985.64,36.784,394.256
195,213,28,1121.4661,-110.352,518.062
191,213,28,1251.282,-303.952,676.726
187,213,28,1360.6641,-553.696,881.066
183,213,28,1424.37,-861.52,1145.506
179,213,28,1407.542,-1219.6801,1485.672
175,213,28,1242.868,-1575.9039,1920.796
171,213,28,859.43,-1831.4559,2367.9399
167,213,28,353.388,-1997.952,2714.116
163,213,28,-361.802,-2147.0239,3043.4641
159,213,28,-1396.724,-2158.6399,3126.4021
155,213,28,-2640.7939,-1937.936,2571.0781
151,213,28,-3275.45,-1440.384,1298.16
147,213,28,-3271.844,-815.056,352.186
143,213,28,-3241.7939,-240.064,-320.934
139,213,28,-3172.0781,207.152,-964.004
135,213,28,-3000.1921,534.336,-1512.116
131,213,28,-2830.71,793.76,-1980.896
127,213,28,-2792.2461,960.256,-2693.6821
123,213,28,-2335.4861,1161.6,-4109.6382
119,213,28,-882.268,1637.856,-5219.084
115,213,28,873.854,2255.4399,-5234.71
111,213,28,2176.822,2545.8401,-4013.478
107,213,28,2485.7361,2168.3201,-2550.644
103,213,28,2299.426,1572.032,-1622.7001
99,213,28,2022.9661,1064.8,-1092.618
95,213,28,1757.324,677.6,-765.674
91,213,28,1518.126,383.328,-542.102
87,213,28,1302.968,164.56,-387.044
83,213,28,1110.6481,1.936,-272.854
79,213,28,938.762,-118.096,-189.916
79,217,28,837.794,-21.296,-175.492
83,217,28,971.216,98.736,-241.602
87,217,28,1115.4561,257.488,-329.348
91,217,28,1269.312,464.64,-445.942
95,217,28,1430.38,733.744,-604.606
99,217,28,1595.0541,1082.224,-825.774
103,217,28,1750.1121,1529.4399,-1149.1121
107,217,28,1865.504,2094.752,-1667.1741
111,217,28,1818.626,2714.272,-2539.8259
115,217,28,1246.474,3066.624,-3842.7942
119,217,28,-147.846,2667.8081,-4811.606
123,217,28,-1783.7681,1848.88,-4475.0459
127,217,28,-2572.28,1277.76,-3145.634
131,217,28,-2652.814,1055.12,-2211.6799
135,217,28,-2757.3879,847.968,-1498.894
139,217,28,-2771.812,478.192,-805.34
143,217,28,-2708.106,-11.616,-274.056
147,217,28,-2661.228,-557.568,203.138
151,217,28,-2614.3501,-1186.7679,812.552
155,217,28,-2203.2661,-1815.968,1705.6381
159,217,28,-1284.938,-2123.792,2206.8721
163,217,28,-463.972,-2125.728,2253.75
167,217,28,180.3,-1984.4,2071.0461
171,217,28,628.646,-1763.696,1770.546
175,217,28,911.116,-1471.36,1453.218
179,217,28,1058.962,-1155.792,1176.7581
183,217,28,1109.446,-857.648,945.974
187,217,28,1095.022,-594.352,753.654
191,217,28,1037.326,-375.584,597.394
195,217,28,953.186,-197.472,467.578
199,217,28,857.026,-58.08,363.004
203,217,28,758.462,48.4,280.066
203,221,28,665.908,-19.36,257.228
199,221,28,738.028,-120.032,323.338
195,221,28,801.734,-245.872,405.074
191,221,28,851.016,-402.688,503.638
187,221,28,873.854,-588.544,619.03
183,221,28,855.824,-803.44,753.654
179,221,28,782.502,-1039.632,907.51
175,221,28,633.454,-1287.4399,1075.79
171,221,28,388.246,-1527.504,1250.0801
167,221,28,18.03,-1721.104,1405.1381
163,221,28,-498.83,-1808.224,1467.642
159,221,28,-1110.6481,-1721.104,1347.442
155,221,28,-1687.608,-1395.856,1001.266
151,221,28,-1995.3201,-880.88,557.728
147,221,28,-2121.53,-377.52,207.946
143,221,28,-2220.094,94.864,-129.816
139,221,28,-2289.8101,561.44,-513.254
135,221,28,-2345.1021,1076.416,-1002.468
131,221,28,-2342.698,1618.496,-1709.244
127,221,28,-2105.9041,2212.8479,-2698.49
123,221,28,-1068.578,2913.6799,-3422.094
119,221,28,191.118,3213.76,-3017.02
115,221,28,930.348,2925.2959,-2194.8521
111,221,28,1228.444,2385.1521,-1548.176
107,221,28,1308.978,1854.688,-1126.274
103,221,28,1295.756,1403.6,-843.804
99,221,28,1234.454,1037.696,-644.272
95,221,28,1147.91,739.552,-492.82
91,221,28,1048.144,505.296,-377.428
87,221,28,943.57,315.568,-287.278
83,221,28,837.794,166.496,-215.158
79,221,28,735.624,50.336,-158.664
79,225,28,638.262,98.736,-140.634
83,225,28,711.584,203.28,-181.502
87,225,28,784.906,336.864,-234.39
91,225,28,851.016,499.488,-298.096
95,225,28,903.904,698.896,-376.226
99,225,28,937.56,938.96,-473.588
103,225,28,936.358,1221.616,-592.586
107,225,28,885.874,1550.736,-742.836
111,225,28,754.856,1918.576,-933.954
115,225,28,491.618,2298.032,-1179.162
119,225,28,21.636,2598.1121,-1459.228
123,225,28,-693.554,2627.1521,-1628.7101
127,225,28,-1399.1281,2210.9121,-1424.37
131,225,28,-1710.446,1599.136,-1013.286
135,225,28,-1799.394,1055.12,-663.504
139,225,28,-1815.02,588.544,-367.812
143,225,28,-1783.7681,172.304,-82.938
147,225,28,-1685.204,-218.768,182.704
151,225,28,-1543.368,-604.032,432.72
155,225,28,-1286.14,-979.616,692.352
159,225,28,-905.106,-1260.3359,883.47
163,225,28,-482.002,-1384.24,973.62
167,225,28,-102.17,-1364.88,968.812
171,225,28,198.33,-1254.528,906.308
175,225,28,417.094,-1093.84,816.158
179,225,28,561.334,-911.856,713.988
183,225,28,647.878,-729.872,611.818
187,225,28,686.342,-559.504,514.456
191,225,28,687.544,-404.624,427.912
195,225,28,664.706,-272.976,350.984
199,225,28,626.242,-158.752,283.672
203,225,28,575.758,-65.824,227.178
203,229,28,496.426,-94.864,200.734
199,229,28,528.88,-178.112,245.208
195,229,28,550.516,-274.912,295.692
191,229,28,556.526,-385.264,354.59
187,229,28,539.698,-509.168,417.094
183,229,28,492.82,-642.752,485.608
179,229,28,407.478,-780.208,555.324
175,229,28,275.258,-907.984,620.232
171,229,28,92.554,-1010.592,673.12
167,229,28,-143.038,-1068.672,701.968
163,229,28,-421.902,-1053.184,694.756
159,229,28,-716.392,-942.832,639.464
155,229,28,-983.236,-737.616,534.89
151,229,28,-1189.98,-458.832,390.65
147,229,28,-1328.2101,-147.136,224.774
143,229,28,-1406.34,189.728,34.858
139,229,28,-1415.9561,544.016,-161.068
135,229,28,-1360.6641,911.856,-347.378
131,229,28,-1226.04,1295.184,-527.678
127,229,28,-961.6,1655.28,-688.746
123,229,28,-554.122,1881.792,-777.694
119,229,28,-127.412,1889.536,-762.068
115,229,28,210.35,1740.464,-687.544
111,229,28,443.538,1517.824,-596.192
107,229,28,588.98,1277.76,-508.446
103,229,28,670.716,1043.504,-426.71
99,229,28,704.372,830.544,-354.59
95,229,28,706.776,642.752,-292.086
91,229,28,683.938,478.192,-235.592
87,229,28,646.676,340.736,-188.714
83,229,28,598.596,222.64,-149.048
79,229,28,545.708,127.776,-115.392
79,233,28,463.972,141.328,-96.16
83,233,28,498.83,224.576,-121.402
87,233,28,528.88,323.312,-150.25
91,233,28,545.708,437.536,-183.906
95,233,28,548.112,569.184,-221.168
99,233,28,527.678,716.32,-260.834
103,233,28,478.396,871.2,-304.106
107,233,28,390.65,1031.8879,-348.58
111,233,28,257.228,1184.832,-390.65
115,233,28,69.716,1308.736,-423.104
119,233,28,-171.886,1372.624,-439.932
123,233,28,-444.74,1343.584,-425.508
127,233,28,-704.372,1204.192,-372.62
131,233,28,-903.904,981.552,-286.076
135,233,28,-1030.114,716.32,-176.694
139,233,28,-1090.214,437.536,-52.888
143,233,28,-1090.214,158.752,74.524
147,233,28,-1032.5181,-110.352,201.936
151,233,28,-924.338,-352.352,312.52
155,233,28,-768.078,-559.504,405.074
159,233,28,-575.758,-716.32,472.386
163,233,28,-364.206,-807.312,512.052
167,233,28,-157.462,-838.288,522.87
171,233,28,25.242,-813.12,510.85
175,233,28,176.694,-749.232,479.598
179,233,28,292.086,-662.112,438.73
183,233,28,372.62,-561.44,390.65
187,233,28,423.104,-458.832,341.368
191,233,28,447.144,-360.096,293.288
195,233,28,453.154,-267.168,248.814
199,233,28,443.538,-185.856,209.148
203,233,28,424.306,-114.224,173.088
203,237,28,361.802,-121.968,150.25
199,237,28,372.62,-181.984,177.896
195,237,28,373.822,-251.68,209.148
191,237,28,361.802,-325.248,242.804
187,237,28,332.954,-404.624,277.662
183,237,28,283.672,-482.064,313.722
179,237,28,212.754,-555.632,344.974
175,237,28,115.392,-615.648,373.822
171,237,28,-7.212,-654.368,393.054
167,237,28,-149.048,-664.048,401.468
163,237,28,-304.106,-633.072,391.852
159,237,28,-460.366,-555.632,365.408
155,237,28,-603.404,-435.6,319.732
151,237,28,-721.2,-276.848,259.632
147,237,28,-802.936,-90.992,185.108
143,237,28,-846.208,116.16,102.17
139,237,28,-843.804,329.12,15.626
135,237,28,-793.32,538.208,-67.312
131,237,28,-693.554,731.808,-141.836
127,237,28,-549.314,886.688,-203.138
123,237,28,-370.216,989.296,-245.208
119,237,28,-181.502,1024.144,-265.642
115,237,28,-4.808,1000.912,-269.248
111,237,28,143.038,931.216,-258.43
107,237,28,257.228,834.416,-239.198
103,237,28,340.166,724.064,-215.158
99,237,28,393.054,609.84,-189.916
95,237,28,423.104,499.488,-163.472
91,237,28,433.922,394.944,-138.23
87,237,28,429.114,300.08,-115.392
83,237,28,413.488,216.832,-93.756
79,237,28,391.852,143.264,-75.726
79,241,28,329.348,141.328,-61.302
83,241,28,342.57,201.344,-75.726
87,241,28,349.782,271.04,-91.352
91,241,28,344.974,346.544,-106.978
95,241,28,326.944,427.856,-123.806
99,241,28,295.692,513.04,-140.634
103,241,28,242.804,594.352,-156.26
107,241,28,171.886,669.856,-168.28
111,241,28,76.928,731.808,-175.492
115,241,28,-38.464,770.528,-176.694
119,241,28,-168.28,774.4,-168.28
123,241,28,-302.904,739.552,-149.048
127,241,28,-430.316,662.112,-116.594
131,241,28,-537.294,547.888,-74.524
135,241,28,-613.02,406.56,-21.636
139,241,28,-653.888,247.808,36.06
143,241,28,-657.494,85.184,96.16
147,241,28,-627.444,-73.568,153.856
151,241,28,-566.142,-216.832,205.542
155,241,28,-478.396,-338.8,248.814
159,241,28,-372.62,-433.664,281.268
163,241,28,-256.026,-497.552,301.702
167,241,28,-137.028,-528.528,308.914
171,241,28,-25.242,-530.464,306.51
175,241,28,73.322,-507.232,294.49
179,241,28,153.856,-464.64,275.258
183,241,28,216.36,-412.368,252.42
187,241,28,262.036,-352.352,225.976
191,241,28,290.884,-292.336,200.734
195,241,28,306.51,-230.384,174.29
199,241,28,311.318,-174.24,150.25
203,241,28,306.51,-121.968,127.412
203,245,28,260.834,-118.096,108.18
199,245,28,260.834,-160.688,126.21
195,245,28,253.622,-207.152,145.442
191,245,28,235.592,-257.488,164.674
187,245,28,207.946,-303.952,183.906
183,245,28,168.28,-350.416,201.936
179,245,28,114.19,-389.136,218.764
175,245,28,46.878,-416.24,233.188
171,245,28,-31.252,-429.792,240.4
167,245,28,-118.998,-425.92,241.602
163,245,28,-210.35,-396.88,236.794
159,245,28,-299.298,-344.608,222.37
155,245,28,-379.832,-269.104,199.532
151,245,28,-444.74,-174.24,169.482
147,245,28,-491.618,-63.888,133.422
143,245,28,-514.456,58.08,92.554
139,245,28,-510.85,181.984,51.686
135,245,28,-479.598,303.952,9.616
131,245,28,-423.104,412.368,-27.646
127,245,28,-346.176,499.488,-60.1
123,245,28,-252.42,561.44,-85.342
119,245,28,-153.856,594.352,-103.372
115,245,28,-55.292,600.16,-114.19
111,245,28,34.858,578.864,-117.796
107,245,28,111.786,540.144,-115.392
103,245,28,174.29,487.872,-109.382
99,245,28,221.168,427.856,-100.968
95,245,28,253.622,365.904,-90.15
91,245,28,272.854,302.016,-79.332
87,245,28,282.47,242.0,-68.514
83,245,28,283.672,183.92,-57.696
79,245,28,276.46,133.584,-46.878
79,249,28,231.986,121.968,-37.262
83,249,28,233.188,164.56,-44.474
87,249,28,229.582,211.024,-51.686
91,249,28,217.562,259.424,-60.1
95,249,28,197.128,307.824,-67.312
99,249,28,167.078,356.224,-74.524
103,249,28,126.21,398.816,-78.13
107,249,28,74.524,433.664,-80.534
111,249,28,12.02,458.832,-79.332
115,249,28,-57.696,468.512,-74.524
119,249,28,-132.22,458.832,-66.11
123,249,28,-206.744,429.792,-50.484
127,249,28,-276.46,379.456,-31.252
131,249,28,-334.156,311.696,-7.212
135,249,28,-376.226,228.448,20.434
139,249,28,-399.064,137.456,50.484
143,249,28,-402.67,40.656,80.534
147,249,28,-385.842,-54.208,109.382
151,249,28,-352.186,-139.392,135.826
155,249,28,-301.702,-214.896,157.462
159,249,28,-241.602,-274.912,174.29
163,249,28,-173.088,-317.504,185.108
167,249,28,-102.17,-342.672,189.916
171,249,28,-33.656,-350.416,189.916
175,249,28,28.848,-344.608,185.108
179,249,28,84.14,-323.312,175.492
183,249,28,129.816,-296.208,163.472
187,249,28,165.876,-263.296,150.25
191,249,28,192.32,-224.576,134.624
195,249,28,209.148,-185.856,120.2
199,249,28,218.764,-147.136,104.574
203,249,28,221.168,-110.352,91.352
203,249,32,206.744,-94.864,97.362
199,249,32,203.138,-127.776,111.786
195,249,32,193.522,-162.624,127.412
191,249,32,176.694,-197.472,143.038
187,249,32,151.452,-232.32,157.462
183,249,32,117.796,-261.36,170.684
179,249,32,75.726,-284.592,181.502
175,249,32,22.838,-302.016,188.714
171,249,32,-34.858,-305.888,192.32
167,249,32,-97.362,-298.144,191.118
163,249,32,-162.27,-274.912,182.704
159,249,32,-224.774,-236.192,169.482
155,249,32,-280.066,-181.984,149.048
151,249,32,-324.54,-114.224,123.806
147,249,32,-355.792,-36.784,93.756
143,249,32,-370.216,46.464,60.1
139,249,32,-366.61,131.648,26.444
135,249,32,-344.974,214.896,-7.212
131,249,32,-306.51,288.464,-38.464
127,249,32,-253.622,350.416,-64.908
123,249,32,-189.916,394.944,-85.342
119,249,32,-121.402,422.048,-100.968
115,249,32,-51.686,431.728,-110.584
111,249,32,14.424,423.984,-114.19
107,249,32,72.12,400.752,-112.988
103,249,32,121.402,367.84,-109.382
99,249,32,159.866,329.12,-100.968
95,249,32,188.714,284.592,-91.352
91,249,32,209.148,240.064,-81.736
87,249,32,219.966,195.536,-70.918
83,249,32,224.774,151.008,-61.302
79,249,32,223.572,112.288,-50.484
79,245,32,265.642,121.968,-62.504
83,245,32,270.45,168.432,-75.726
87,245,32,269.248,220.704,-90.15
91,245,32,260.834,276.848,-105.776
95,245,32,240.4,334.928,-120.2
99,245,32,209.148,391.072,-134.624
103,245,32,164.674,443.344,-147.846
107,245,32,106.978,491.744,-157.462
111,245,32,36.06,526.592,-163.472
115,245,32,-46.878,542.08,-162.27
119,245,32,-137.028,536.272,-153.856
123,245,32,-228.38,507.232,-135.826
127,245,32,-312.52,453.024,-109.382
131,245,32,-382.236,373.648,-74.524
135,245,32,-433.922,280.72,-32.454
139,245,32,-462.77,174.24,13.222
143,245,32,-467.578,63.888,61.302
147,245,32,-448.346,-42.592,106.978
151,245,32,-407.478,-139.392,149.048
155,245,32,-349.782,-224.576,183.906
159,245,32,-277.662,-292.336,211.552
163,245,32,-198.33,-338.8,230.784
167,245,32,-115.392,-365.904,241.602
171,245,32,-36.06,-373.648,242.804
175,245,32,36.06,-363.968,237.996
179,245,32,98.564,-338.8,225.976
183,245,32,149.048,-305.888,211.552
187,245,32,187.512,-269.104,192.32
191,245,32,215.158,-226.512,173.088
195,245,32,233.188,-181.984,152.654
199,245,32,241.602,-139.392,133.422
203,245,32,242.804,-100.672,115.392
203,241,32,283.672,-102.608,134.624
199,241,32,286.076,-149.072,157.462
195,241,32,281.268,-199.408,181.502
191,241,32,264.44,-253.616,207.946
187,241,32,235.592,-305.888,234.39
183,241,32,192.32,-358.16,259.632
179,241,32,133.422,-402.688,281.268
175,241,32,58.898,-437.536,299.298
171,241,32,-31.252,-454.96,307.712
167,241,32,-131.018,-453.024,308.914
163,241,32,-236.794,-423.984,295.692
159,241,32,-341.368,-367.84,271.652
155,241,32,-435.124,-284.592,233.188
151,241,32,-513.254,-178.112,183.906
147,241,32,-566.142,-54.208,126.21
143,241,32,-593.788,83.248,62.504
139,241,32,-588.98,224.576,-3.606
135,241,32,-554.122,360.096,-67.312
131,241,32,-485.608,484.0,-126.21
127,241,32,-391.852,584.672,-174.29
123,241,32,-277.662,654.368,-209.148
119,241,32,-155.058,687.28,-230.784
115,241,32,-37.262,687.28,-237.996
111,241,32,69.716,656.304,-233.188
107,241,32,156.26,604.032,-221.168
103,241,32,225.976,538.208,-203.138
99,241,32,275.258,464.64,-181.502
95,241,32,307.712,389.136,-159.866
91,241,32,324.54,315.568,-138.23
87,241,32,330.55,245.872,-117.796
83,241,32,325.742,181.984,-97.362
79,241,32,314.924,127.776,-79.332
79,237,32,371.418,127.776,-96.16
83,237,32,391.852,193.6,-118.998
87,237,32,402.67,271.04,-145.442
91,237,32,405.074,354.288,-175.492
95,237,32,393.054,447.216,-206.744
99,237,32,363.004,544.016,-241.602
103,237,32,310.116,642.752,-275.258
107,237,32,231.986,735.68,-307.712
111,237,32,125.008,815.056,-334.156
115,237,32,-9.616,867.328,-350.984
119,237,32,-167.078,880.88,-352.186
123,237,32,-331.752,846.032,-331.752
127,237,32,-488.012,758.912,-287.278
131,237,32,-615.424,627.264,-221.168
135,237,32,-704.372,464.64,-139.432
139,237,32,-748.846,288.464,-46.878
143,237,32,-752.452,108.416,48.08
147,237,32,-717.594,-67.76,139.432
151,237,32,-646.676,-224.576,222.37
155,237,32,-545.708,-358.16,293.288
159,237,32,-420.7,-462.704,346.176
163,237,32,-284.874,-530.464,381.034
167,237,32,-147.846,-559.504,396.66
171,237,32,-20.434,-557.568,395.458
175,237,32,90.15,-526.592,379.832
179,237,32,180.3,-476.256,354.59
183,237,32,247.612,-416.24,323.338
187,237,32,295.692,-348.48,288.48
191,237,32,324.54,-280.72,253.622
195,237,32,338.964,-216.832,219.966
199,237,32,340.166,-154.88,187.512
203,237,32,332.954,-98.736,157.462
203,233,32,388.246,-90.992,181.502
199,233,32,403.872,-152.944,217.562
195,233,32,409.882,-224.576,258.43
191,233,32,401.468,-305.888,302.904
187,233,32,373.822,-391.072,349.782
183,233,32,323.338,-478.192,396.66
179,233,32,248.814,-559.504,442.336
175,233,32,143.038,-631.136,482.002
171,233,32,6.01,-681.472,510.85
167,233,32,-155.058,-696.96,518.062
163,233,32,-334.156,-669.856,501.234
159,233,32,-515.658,-590.48,454.356
155,233,32,-681.534,-462.704,378.63
151,233,32,-816.158,-294.272,280.066
147,233,32,-908.712,-94.864,162.27
143,233,32,-959.196,123.904,32.454
139,233,32,-957.994,352.352,-104.574
135,233,32,-905.106,582.736,-239.198
131,233,32,-795.724,799.568,-364.206
127,233,32,-626.242,979.616,-465.174
123,233,32,-408.68,1097.712,-530.082
119,233,32,-176.694,1138.368,-550.516
115,233,32,37.262,1103.52,-532.486
111,233,32,210.35,1014.464,-491.618
107,233,32,338.964,896.368,-437.528
103,233,32,425.508,764.72,-381.034
99,233,32,478.396,633.072,-326.944
95,233,32,503.638,507.232,-275.258
91,233,32,506.042,393.008,-228.38
87,233,32,494.022,290.4,-187.512
83,233,32,469.982,199.408,-151.452
79,233,32,438.73,123.904,-120.2
79,229,32,513.254,106.48,-140.634
83,229,32,558.93,193.6,-179.098
87,229,32,597.394,296.208,-227.178
91,229,32,627.444,418.176,-282.47
95,229,32,639.464,559.504,-349.782
99,229,32,627.444,718.256,-426.71
103,229,32,584.172,892.496,-514.456
107,229,32,494.022,1072.5439,-614.222
111,229,32,346.176,1244.848,-717.594
115,229,32,127.412,1384.24,-814.956
119,229,32,-164.674,1450.064,-879.864
123,229,32,-497.628,1405.536,-873.854
127,229,32,-807.744,1237.104,-776.492
131,229,32,-1031.316,987.36,-611.818
135,229,32,-1161.1321,702.768,-418.296
139,229,32,-1217.626,416.24,-219.966
143,229,32,-1211.616,135.52,-24.04
147,229,32,-1149.1121,-135.52,167.078
151,229,32,-1031.316,-383.328,338.964
155,229,32,-855.824,-596.288,490.416
159,229,32,-634.656,-755.04,602.202
163,229,32,-391.852,-846.032,669.514
167,229,32,-156.26,-865.392,688.746
171,229,32,48.08,-828.608,669.514
175,229,32,213.956,-753.104,625.04
179,229,32,337.762,-654.368,566.142
183,229,32,421.902,-544.016,500.032
187,229,32,471.184,-431.728,433.922
191,229,32,494.022,-327.184,370.216
195,229,32,494.022,-230.384,310.116
199,229,32,479.598,-145.2,257.228
203,229,32,453.154,-71.632,211.552
203,225,32,524.072,-42.592,236.794
199,225,32,564.94,-123.904,293.288
195,225,32,594.99,-220.704,359.398
191,225,32,607.01,-334.928,435.124
187,225,32,596.192,-462.704,520.466
183,225,32,551.718,-604.032,613.02
179,225,32,463.972,-745.36,710.382
175,225,32,325.742,-882.816,804.138
171,225,32,128.614,-995.104,883.47
167,225,32,-129.816,-1064.8,930.348
163,225,32,-438.73,-1064.8,921.934
159,225,32,-769.28,-971.872,835.39
155,225,32,-1069.78,-782.144,667.11
151,225,32,-1294.5541,-516.912,443.538
147,225,32,-1438.7941,-216.832,197.128
143,225,32,-1516.9241,100.672,-64.908
139,225,32,-1534.954,431.728,-341.368
135,225,32,-1489.2781,770.528,-637.06
131,225,32,-1355.8561,1120.944,-956.792
127,225,32,-1083.0021,1455.8719,-1262.1
123,225,32,-645.474,1701.744,-1450.8141
119,225,32,-152.654,1783.056,-1438.7941
115,225,32,258.43,1695.936,-1283.7361
111,225,32,540.9,1502.3359,-1081.8
107,225,32,709.18,1266.144,-887.076
103,225,32,793.32,1026.08,-718.796
99,225,32,820.966,803.44,-576.96
95,225,32,810.148,605.968,-459.164
91,225,32,774.088,435.6,-364.206
87,225,32,723.604,294.272,-286.076
83,225,32,662.302,176.176,-219.966
79,225,32,597.394,79.376,-168.28
79,221,32,685.14,32.912,-188.714
83,221,32,771.684,135.52,-251.218
87,221,32,858.228,265.232,-331.752
91,221,32,937.56,423.984,-432.72
95,221,32,1007.276,619.52,-563.738
99,221,32,1052.952,853.776,-733.22
103,221,32,1055.3561,1126.752,-950.782
107,221,32,984.438,1422.96,-1232.05
111,221,32,793.32,1711.424,-1579.428
115,221,32,419.498,1918.576,-1954.452
119,221,32,-161.068,1953.424,-2230.9121
123,221,32,-846.208,1775.312,-2223.7
127,221,32,-1403.936,1459.744,-1879.928
131,221,32,-1706.8401,1113.2,-1395.522
135,221,32,-1842.666,758.912,-926.742
139,221,32,-1885.938,400.752,-510.85
143,221,32,-1863.1,38.72,-137.028
147,221,32,-1780.162,-327.184,222.37
151,221,32,-1621.498,-685.344,579.364
155,221,32,-1333.0181,-1002.848,925.54
159,221,32,-924.338,-1215.808,1177.96
163,221,32,-482.002,-1299.056,1288.5441
167,221,32,-81.736,-1271.952,1276.524
171,221,32,236.794,-1167.408,1185.172
175,221,32,471.184,-1014.464,1054.1541
179,221,32,625.04,-838.288,911.116
183,221,32,711.584,-656.304,769.28
187,221,32,747.644,-482.064,639.464
191,221,32,742.836,-329.12,522.87
195,221,32,711.584,-195.536,423.104
199,221,32,662.302,-85.184,337.762
203,221,32,604.606,1.936,266.844
203,217,32,685.14,67.76,289.682
199,217,32,764.472,-25.168,372.62
195,217,32,840.198,-145.2,474.79
191,217,32,899.096,-294.272,601.0
187,217,32,929.146,-472.384,752.452
183,217,32,912.318,-677.6,929.146
179,217,32,831.784,-898.304,1131.082
175,217,32,663.504,-1115.136,1348.644
171,217,32,389.448,-1300.9919,1557.792
167,217,32,6.01,-1430.704,1717.6581
163,217,32,-491.618,-1484.912,1782.566
159,217,32,-1067.376,-1424.896,1677.9921
155,217,32,-1621.498,-1213.8719,1346.24
151,217,32,-1996.5221,-869.264,842.602
147,217,32,-2174.418,-470.448,330.55
143,217,32,-2247.74,-71.632,-149.048
139,217,32,-2253.75,300.08,-629.848
135,217,32,-2184.0339,635.008,-1137.092
131,217,32,-2026.572,929.28,-1681.598
127,217,32,-1732.082,1211.936,-2278.9919
123,217,32,-1149.1121,1519.76,-2837.9221
119,217,32,-314.924,1798.5439,-3043.4641
115,217,32,491.618,1912.7679,-2794.6501
111,217,32,1040.932,1794.672,-2274.1841
107,217,32,1302.968,1515.8879,-1734.4861
103,217,32,1370.28,1184.832,-1290.948
99,217,32,1331.816,875.072,-961.6
95,217,32,1242.868,607.904,-717.594
91,217,32,1132.2841,387.2,-534.89
87,217,32,1013.286,211.024,-400.266
83,217,32,894.288,71.632,-293.288
79,217,32,780.098,-32.912,-212.754
79,213,32,869.046,-125.84,-225.976
83,213,32,1012.084,-23.232,-317.328
87,213,32,1169.546,118.096,-442.336
91,213,32,1331.816,300.08,-613.02
95,213,32,1494.0861,532.4,-848.612
99,213,32,1633.5181,816.992,-1177.96
103,213,32,1704.436,1140.304,-1639.5281
107,213,32,1611.8821,1453.936,-2259.76
111,213,32,1218.828,1655.28,-2953.314
115,213,32,460.366,1659.152,-3467.77
119,213,32,-512.052,1498.464,-3533.8801
123,213,32,-1399.1281,1270.016,-3120.3921
127,213,32,-1972.4821,1041.568,-2462.8979
131,213,32,-2283.8,799.568,-1845.0701
135,213,32,-2483.332,511.104,-1290.948
139,213,32,-2603.532,178.112,-736.826
143,213,32,-2640.7939,-199.408,-161.068
147,213,32,-2589.1082,-605.968,461.568
151,213,32,-2390.7781,-1004.784,1146.708
155,213,32,-1917.1901,-1331.968,1817.4241
159,213,32,-1214.02,-1523.632,2229.71
163,213,32,-500.032,-1573.968,2324.668
167,213,32,92.554,-1512.016,2214.084
171,213,32,546.91,-1372.624,1998.926
175,213,32,876.258,-1173.2159,1723.6681
179,213,32,1072.184,-925.408,1423.168
183,213,32,1149.1121,-669.856,1141.9
187,213,32,1139.496,-429.792,899.096
191,213,32,1078.194,-228.448,700.766
195,213,32,984.438,-65.824,540.9
199,213,32,879.864,60.016,411.084
203,213,32,771.684,154.88,312.52
203,209,32,849.814,267.168,320.934
199,209,32,988.044,180.048,432.72
195,209,32,1131.082,54.208,579.364
191,209,32,1266.9081,-114.224,770.482
187,209,32,1375.088,-331.056,1018.094
183,209,32,1419.562,-598.224,1334.22
179,209,32,1351.048,-888.624,1706.8401
175,209,32,1120.264,-1165.472,2090.2781
171,209,32,728.412,-1390.048,2422.03
167,209,32,204.34,-1548.8,2685.2681
163,209,32,-489.214,-1614.624,2846.3359
159,209,32,-1334.22,-1560.416,2769.408
155,209,32,-2174.418,-1376.496,2322.2642
151,209,32,-2753.782,-1080.288,1550.5801
147,209,32,-2997.7881,-712.448,716.392
143,209,32,-3044.666,-317.504,-42.07
139,209,32,-2985.7681,71.632,-722.402
135,209,32,-2833.114,451.088,-1363.068
131,209,32,-2578.29,799.568,-1983.3
127,209,32,-2198.458,1068.672,-2623.9661
123,209,32,-1577.024,1244.848,-3298.2881
119,209,32,-653.888,1345.52,-3793.512
115,209,32,394.256,1390.048,-3872.844
111,209,32,1296.958,1370.688,-3494.2141
107,209,32,1851.0801,1240.976,-2799.458
103,209,32,2025.37,989.296,-2048.208
99,209,32,1947.24,683.408,-1446.006
95,209,32,1760.9301,400.752,-1013.286
91,209,32,1545.772,166.496,-711.584
87,209,32,1333.0181,-13.552,-498.83
83,209,32,1134.688,-149.072,-343.772
79,209,32,956.792,-245.872,-234.39
79,205,32,1026.5081,-393.008,-224.774
83,205,32,1235.656,-315.568,-341.368
87,205,32,1477.2581,-197.472,-510.85
91,205,32,1740.496,-30.976,-754.856
95,205,32,2012.1481,187.792,-1110.6481
99,205,32,2236.9221,453.024,-1626.306
103,205,32,2300.6279,726.0,-2323.4661
107,205,32,2050.6121,944.768,-3103.564
111,205,32,1435.188,1117.072,-3759.856
115,205,32,503.638,1275.824,-4139.688
119,205,32,-613.02,1386.176,-4125.2642
123,205,32,-1659.962,1364.88,-3698.554
127,205,32,-2431.646,1161.6,-3024.2319
131,205,32,-2923.2642,815.056,-2274.1841
135,205,32,-3218.9561,410.432,-1501.298
139,205,32,-3372.812,7.744,-722.402
143,205,32,-3426.9021,-373.648,72.12
147,205,32,-3369.2061,-731.808,939.964
151,205,32,-3093.948,-1060.928,1883.5341
155,205,32,-2456.8879,-1353.264,2753.782
159,205,32,-1512.116,-1579.776,3283.864
163,205,32,-522.87,-1672.704,3390.842
167,205,32,307.712,-1604.944,3203.3301
171,205,32,932.752,-1405.536,2893.2141
175,205,32,1389.5121,-1119.0079,2502.564
179,205,32,1658.76,-793.76,2032.582
183,205,32,1721.264,-466.576,1560.196
187,205,32,1631.114,-178.112,1158.728
191,205,32,1467.642,48.4,849.814
195,205,32,1281.332,216.832,619.03
199,205,32,1096.224,332.992,445.942
203,205,32,923.136,410.432,318.53
203,201,32,973.62,582.736,293.288
199,201,32,1180.364,528.528,425.508
195,201,32,1413.552,433.664,609.414
191,201,32,1661.1641,280.72,869.046
187,201,32,1894.3521,58.08,1228.444
183,201,32,2049.4102,-243.936,1716.4561
179,201,32,2021.764,-615.648,2301.8301
175,201,32,1745.3041,-1016.4,2887.2041
171,201,32,1229.646,-1395.856,3401.6602
167,201,32,474.79,-1670.7679,3812.7441
163,201,32,-551.718,-1748.208,4025.498
159,201,32,-1722.4661,-1597.2,3834.3801
155,201,32,-2748.9741,-1308.736,3161.26
151,201,32,-3400.458,-1000.912,2190.0439
147,201,32,-3696.1501,-698.896,1192.384
143,201,32,-3785.0981,-369.776,256.026
139,201,32,-3761.0581,-17.424,-633.454
135,201,32,-3628.8381,363.968,-1543.368
131,201,32,-3335.55,764.72,-2496.554
127,201,32,-2768.2061,1151.92,-3454.5481
123,201,32,-1801.798,1430.704,-4258.686
119,201,32,-537.294,1479.104,-4631.3062
115,201,32,715.19,1304.864,-4490.6719
111,201,32,1676.79,1018.336,-3988.2361
107,201,32,2286.2041,718.256,-3305.5
103,201,32,2560.26,439.472,-2530.21
99,201,32,2507.3721,164.56,-1783.7681
95,201,32,2247.74,-87.12,-1197.192
91,201,32,1920.796,-284.592,-789.714
87,201,32,1605.8721,-423.984,-515.658
83,201,32,1322.2001,-516.912,-325.742
79,201,32,1078.194,-571.12,-195.926
79,197,32,1099.8301,-772.464,-143.038
83,197,32,1370.28,-751.168,-264.44
87,197,32,1693.618,-695.024,-451.952
91,197,32,2061.4299,-592.416,-735.624
95,197,32,2450.8779,-425.92,-1165.9401
99,197,32,2777.822,-181.984,-1794.5861
103,197,32,2884.8,143.264,-2596.3201
107,197,32,2662.4299,542.08,-3459.356
111,197,32,2071.0461,973.808,-4301.958
115,197,32,1025.306,1347.4559,-5013.542
119,197,32,-441.134,1519.76,-5297.2139
123,197,32,-1967.6741,1403.6,-4880.1201
127,197,32,-3091.5439,1093.84,-3881.2581
131,197,32,-3699.7561,727.936,-2732.146
135,197,32,-3990.6401,360.096,-1644.3361
139,197,32,-4106.0322,5.808,-638.262
143,197,32,-4113.2441,-331.056,330.55
147,197,32,-4006.2661,-650.496,1331.816
151,197,32,-3714.1802,-954.448,2389.5759
155,197,32,-3098.7561,-1268.08,3485.8
159,197,32,-2034.9861,-1589.4559,4404.1279
163,197,32,-650.282,-1784.9919,4803.1919
167,197,32,655.09,-1694.0,4591.6401
171,197,32,1601.0641,-1337.776,4030.3062
175,197,32,2185.2361,-851.84,3333.146
179,197,32,2444.8682,-360.096,2578.29
183,197,32,2405.2021,56.144,1858.292
187,197,32,2159.9941,367.84,1275.322
191,197,32,1840.2621,571.12,863.036
195,197,32,1525.338,695.024,579.364
199,197,32,1244.0701,760.848,382.236
203,197,32,1001.266,784.08,246.41
203,193,32,990.448,1008.656,165.876
199,193,32,1260.8981,1024.144,289.682
195,193,32,1590.246,1006.72,474.79
191,193,32,1977.29,929.28,757.26
187,193,32,2400.394,764.72,1193.5861
183,193,32,2779.0242,464.64,1854.686
179,193,32,2937.688,11.616,2734.55
175,193,32,2735.752,-557.568,3724.998
171,193,32,2092.6821,-1138.368,4698.6182
167,193,32,929.146,-1570.0959,5471.5039
163,193,32,-707.978,-1699.808,5675.8442
159,193,32,-2319.8601,-1529.4399,5041.188
155,193,32,-3419.6899,-1233.2319,3895.6821
151,193,32,-4024.2961,-919.6,2672.0461
147,193,32,-4319.9883,-609.84,1527.7421
143,193,32,-4442.5923,-288.464,445.942
139,193,32,-4451.0059,40.656,-608.212
135,193,32,-4346.4321,375.584,-1706.8401
131,193,32,-4060.356,718.256,-2910.042
127,193,32,-3436.5181,1051.248,-4220.2222
123,193,32,-2224.9021,1345.52,-5453.4741
119,193,32,-432.72,1481.04,-6058.0801
115,193,32,1340.23,1302.928,-5719.1162
111,193,32,2553.0481,855.712,-4791.1719
107,193,32,3161.26,305.888,-3703.3621
103,193,32,3297.0862,-199.408,-2650.4102
99,193,32,3071.1101,-580.8,-1744.1021
95,193,32,2639.592,-815.056,-1079.396
91,193,32,2173.2161,-942.832,-641.868
87,193,32,1751.3141,-1000.912,-360.6
83,193,32,1389.5121,-1014.464,-177.896
79,193,32,1090.214,-998.976,-60.1
79,189,32,1040.932,-1237.104,52.888
83,189,32,1355.8561,-1297.12,-37.262
87,189,32,1747.708,-1331.968,-187.512
91,189,32,2222.498,-1324.224,-430.316
95,189,32,2781.428,-1240.976,-835.39
99,189,32,3363.196,-1028.016,-1504.9041
103,189,32,3779.0881,-627.264,-2524.2
107,189,32,3770.6741,-42.592,-3830.7742
111,189,32,3161.26,600.16,-5226.2959
115,189,32,1765.738,1136.432,-6434.3062
119,189,32,-340.166,1378.432,-6851.3999
123,189,32,-2391.98,1289.376,-6092.938
127,189,32,-3709.3721,1029.952,-4672.1743
131,189,32,-4369.27,718.256,-3217.7542
135,189,32,-4667.3662,393.008,-1890.7461
139,189,32,-4773.1421,69.696,-681.534
143,189,32,-4762.3242,-245.872,474.79
147,189,32,-4636.1143,-559.504,1661.1641
151,189,32,-4341.624,-863.456,2914.8501
155,189,32,-3737.0181,-1157.728,4293.5439
159,189,32,-2591.512,-1403.6,5660.2183
163,189,32,-778.896,-1502.3359,6538.8799
167,189,32,1215.222,-1297.12,6371.8022
171,189,32,2635.9861,-784.08,5382.5562
175,189,32,3351.176,-131.648,4108.436
179,189,32,3479.79,485.936,2837.9221
183,189,32,3160.0581,948.64,1771.748
187,189,32,2613.1479,1215.808,1036.124
191,189,32,2069.844,1326.16,593.788
195,189,32,1609.478,1341.6479,326.944
199,189,32,1238.0601,1310.672,158.664
203,189,32,941.166,1248.72,51.686
203,185,32,845.006,1494.592,-97.362
199,185,32,1155.1221,1608.816,-27.646
195,185,32,1560.196,1705.616,93.756
191,185,32,2085.47,1757.8879,310.116
187,185,32,2753.782,1717.2319,712.786
183,185,32,3497.8201,1508.144,1485.672
179,185,32,4026.7002,1074.48,2729.7419
175,185,32,4018.2861,449.152,4294.7461
171,185,32,3279.0562,-247.808,5915.042
167,185,32,1644.3361,-844.096,7184.354
163,185,32,-681.534,-1171.28,7407.9263
159,185,32,-2744.166,-1190.64,6368.1963
155,185,32,-3995.448,-1014.464,4804.394
151,185,32,-4631.3062,-758.912,3259.824
147,185,32,-4935.4121,-484.0,1867.9081
143,185,32,-5065.228,-199.408,569.748
139,185,32,-5083.2583,89.056,-699.564
135,185,32,-4984.6938,381.392,-2031.38
131,185,32,-4685.396,675.664,-3497.8201
127,185,32,-3997.8521,956.384,-5125.3281
123,185,32,-2569.876,1169.344,-6766.0581
119,185,32,-237.996,1188.704,-7700.0122
115,185,32,2229.71,869.264,-7201.1821
111,185,32,3833.178,257.488,-5687.8643
107,185,32,4449.8042,-451.088,-3929.3381
103,185,32,4304.3623,-1072.5439,-2341.4961
99,185,32,3667.302,-1488.7839,-1188.7781
95,185,32,2904.032,-1682.384,-525.274
91,185,32,2240.5281,-1723.04,-170.684
87,185,32,1708.042,-1680.448,28.848
83,185,32,1283.7361,-1593.328,140.634
79,185,32,948.378,-1486.848,201.936
79,185,36,895.49,-1324.224,158.664
83,185,36,1183.97,-1397.792,75.726
87,185,36,1534.954,-1442.3199,-67.312
91,185,36,1948.442,-1442.3199,-302.904
95,185,36,2407.606,-1372.624,-687.544
99,185,36,2849.9421,-1200.3199,-1290.948
103,185,36,3134.8162,-902.176,-2152.782
107,185,36,3075.918,-501.424,-3221.3601
111,185,36,2525.4021,-61.952,-4313.978
115,185,36,1430.38,317.504,-5154.1763
119,185,36,-51.686,555.632,-5416.2119
123,185,36,-1513.318,621.456,-4985.896
127,185,36,-2632.3801,553.696,-4061.5581
131,185,36,-3335.55,414.304,-2944.9001
135,185,36,-3726.2,238.128,-1801.798
139,185,36,-3893.2781,50.336,-681.534
143,185,36,-3894.48,-135.52,409.882
147,185,36,-3734.614,-317.504,1510.9141
151,185,36,-3375.2161,-474.32,2621.562
155,185,36,-2734.55,-594.352,3715.3821
159,185,36,-1729.678,-635.008,4652.9419
163,185,36,-397.862,-549.824,5173.4082
167,185,36,1000.064,-303.952,5060.4199
171,185,36,2097.49,79.376,4375.2803
175,185,36,2711.7122,516.912,3394.448
179,185,36,2851.144,921.536,2365.5361
183,185,36,2635.9861,1223.552,1484.47
187,185,36,2228.5081,1403.6,840.198
191,185,36,1787.374,1473.296,426.71
195,185,36,1389.5121,1465.552,171.886
199,185,36,1055.3561,1411.344,16.828
203,185,36,786.108,1331.968,-75.726
203,189,36,853.42,1119.0079,60.1
199,189,36,1099.8301,1157.728,175.492
195,189,36,1394.3201,1167.408,349.782
191,189,36,1730.88,1126.752,619.03
187,189,36,2080.6621,1014.464,1025.306
183,189,36,2373.95,801.504,1613.084
179,189,36,2489.342,484.0,2372.748
175,189,36,2300.6279,89.056,3230.9761
171,189,36,1723.6681,-317.504,4038.72
167,189,36,751.25,-646.624,4589.2358
163,189,36,-480.8,-828.608,4672.1743
159,189,36,-1670.78,-847.968,4220.2222
155,189,36,-2591.512,-749.232,3395.6501
151,189,36,-3194.916,-584.672,2414.8181
147,189,36,-3536.2842,-389.136,1409.946
143,189,36,-3692.5439,-174.24,401.468
139,189,36,-3693.7461,44.528,-598.596
135,189,36,-3538.688,265.232,-1620.296
131,189,36,-3179.29,474.32,-2663.6321
127,189,36,-2535.0181,654.368,-3675.7161
123,189,36,-1522.9341,766.656,-4513.5103
119,189,36,-219.966,753.104,-4919.7861
115,189,36,1089.012,571.12,-4738.2842
111,189,36,2086.6721,242.0,-4077.1841
107,189,36,2638.3901,-156.816,-3188.906
103,189,36,2776.6201,-534.336,-2283.8
99,189,36,2613.1479,-826.672,-1514.52
95,189,36,2285.002,-1016.4,-936.358
91,189,36,1909.978,-1119.0079,-536.092
87,189,36,1550.5801,-1153.856,-270.45
83,189,36,1230.848,-1146.1119,-96.16
79,189,36,960.398,-1109.328,16.828
79,193,36,990.448,-902.176,-88.948
83,193,36,1235.656,-906.048,-211.552
87,193,36,1520.53,-880.88,-396.66
91,193,36,1829.4441,-813.12,-668.312
95,193,36,2134.752,-689.216,-1060.1641
99,193,36,2372.748,-491.744,-1599.8621
103,193,36,2447.272,-216.832,-2277.79
107,193,36,2256.1541,120.032,-3031.4441
111,193,36,1729.678,464.64,-3755.0481
115,193,36,846.208,741.488,-4287.5342
119,193,36,-294.49,882.816,-4434.1782
123,193,36,-1442.4,863.456,-4096.416
127,193,36,-2359.5261,720.192,-3371.6101
131,193,36,-2959.324,514.976,-2470.1101
135,193,36,-3303.0959,280.72,-1530.146
139,193,36,-3454.5481,36.784,-602.202
143,193,36,-3459.356,-207.152,311.318
147,193,36,-3316.3181,-441.408,1234.454
151,193,36,-2996.5859,-658.24,2146.772
155,193,36,-2436.4541,-849.904,3020.626
159,193,36,-1598.66,-987.36,3740.624
163,193,36,-548.112,-1020.272,4122.8599
167,193,36,513.254,-896.368,4067.5681
171,193,36,1363.068,-621.456,3643.262
175,193,36,1903.968,-257.488,3013.4141
179,193,36,2133.55,112.288,2322.2642
183,193,36,2104.7021,427.856,1677.9921
187,193,36,1908.776,658.24,1155.1221
191,193,36,1640.73,803.44,766.876
195,193,36,1364.27,882.816,494.022
199,193,36,1108.244,913.792,301.702
203,193,36,884.672,909.92,170.684
203,197,36,885.874,718.256,242.804
199,197,36,1079.396,691.152,375.024
195,197,36,1293.3521,631.136,561.334
191,197,36,1514.52,522.72,817.36
187,197,36,1710.446,356.224,1167.142
183,197,36,1830.646,121.968,1619.094
179,197,36,1800.5961,-174.24,2147.9741
175,197,36,1561.3981,-503.36,2698.49
171,197,36,1079.396,-815.056,3191.3101
167,197,36,359.398,-1043.504,3525.4661
163,197,36,-538.496,-1132.5599,3585.5662
159,197,36,-1458.026,-1074.48,3300.6921
155,197,36,-2230.9121,-915.728,2711.7122
151,197,36,-2768.2061,-710.512,1947.24
147,197,36,-3079.5242,-482.064,1117.86
143,197,36,-3214.1479,-236.192,280.066
139,197,36,-3209.3401,21.296,-552.92
135,197,36,-3063.8979,284.592,-1391.916
131,197,36,-2744.166,540.144,-2236.9221
127,197,36,-2196.054,766.656,-3035.05
123,197,36,-1378.694,925.408,-3666.1001
119,197,36,-376.226,962.192,-3967.802
115,197,36,616.626,853.776,-3871.6421
111,197,36,1408.744,629.2,-3465.366
107,197,36,1915.988,348.48,-2889.6082
103,197,36,2146.772,63.888,-2254.9521
99,197,36,2141.9641,-183.92,-1656.3561
95,197,36,1974.886,-383.328,-1152.718
91,197,36,1728.4761,-528.528,-772.886
87,197,36,1466.4401,-623.392,-500.032
83,197,36,1215.222,-679.536,-304.106
79,197,36,991.65,-706.64,-170.684
79,201,36,966.408,-530.464,-218.764
83,201,36,1161.1321,-480.128,-346.176
87,201,36,1377.4921,-398.816,-528.88
91,201,36,1598.66,-280.72,-783.704
95,201,36,1798.192,-121.968,-1133.486
99,201,36,1921.998,75.504,-1589.0441
103,201,36,1895.5541,298.144,-2125.136
107,201,36,1655.1541,528.528,-2684.0662
111,201,36,1171.9501,743.424,-3170.876
115,201,36,461.568,917.664,-3490.6082
119,201,36,-405.074,1002.848,-3544.698
123,201,36,-1270.514,964.128,-3281.46
127,201,36,-1988.108,809.248,-2752.5801
131,201,36,-2483.332,574.992,-2072.248
135,201,36,-2787.438,302.016,-1333.0181
139,201,36,-2934.082,23.232,-584.172
143,201,36,-2950.9102,-249.744,168.28
147,201,36,-2833.114,-507.232,935.156
151,201,36,-2543.4321,-743.424,1687.608
155,201,36,-2037.39,-954.448,2367.9399
159,201,36,-1336.624,-1113.2,2857.1541
163,201,36,-540.9,-1177.088,3074.7161
167,201,36,212.754,-1113.2,3021.8281
171,201,36,823.37,-933.152,2774.2161
175,201,36,1254.8881,-675.664,2402.7981
179,201,36,1500.0961,-393.008,1968.876
183,201,36,1568.61,-123.904,1536.156
187,201,36,1506.1061,104.544,1152.718
191,201,36,1369.078,280.72,842.602
195,201,36,1198.394,408.496,603.404
199,201,36,1024.104,493.68,424.306
203,201,36,858.228,544.016,292.086
203,205,36,812.552,393.008,314.924
199,205,36,947.176,327.184,433.922
195,205,36,1085.406,230.384,591.384
191,205,36,1212.818,94.864,796.926
187,205,36,1305.3721,-81.312,1057.76
183,205,36,1329.412,-298.144,1375.088
179,205,36,1241.666,-538.208,1724.87
175,205,36,1013.286,-778.272,2071.0461
171,205,36,637.06,-987.36,2364.334
167,205,36,122.604,-1128.688,2563.866
163,205,36,-510.85,-1180.96,2617.9561
159,205,36,-1199.5961,-1124.816,2458.0901
155,205,36,-1833.05,-977.68,2059.0261
151,205,36,-2303.032,-768.592,1466.4401
147,205,36,-2573.4819,-518.848,792.118
143,205,36,-2679.2581,-245.872,106.978
139,205,36,-2655.218,38.72,-563.738
135,205,36,-2515.7861,325.248,-1217.626
131,205,36,-2241.73,598.224,-1849.8781
127,205,36,-1809.01,824.736,-2434.05
123,205,36,-1198.394,973.808,-2907.6379
119,205,36,-448.346,1024.144,-3178.0881
115,205,36,322.136,981.552,-3178.0881
111,205,36,980.832,867.328,-2925.668
107,205,36,1438.7941,708.576,-2498.958
103,205,36,1671.9821,513.04,-1991.714
99,205,36,1709.244,303.952,-1506.1061
95,205,36,1616.6901,102.608,-1097.426
91,205,36,1455.6221,-69.696,-782.502
87,205,36,1272.918,-205.216,-548.112
83,205,36,1089.012,-303.952,-373.822
79,205,36,918.328,-373.648,-247.612
79,209,36,857.026,-242.0,-256.026
83,209,36,998.862,-160.688,-364.206
87,209,36,1149.1121,-48.4,-513.254
91,209,36,1296.958,94.864,-713.988
95,209,36,1421.9661,272.976,-980.832
99,209,36,1495.2881,478.192,-1328.2101
103,209,36,1465.238,691.152,-1751.3141
107,209,36,1266.9081,878.944,-2216.488
111,209,36,860.632,1012.528,-2627.572
115,209,36,264.44,1076.416,-2873.9819
119,209,36,-427.912,1066.736,-2870.376
123,209,36,-1086.608,987.36,-2620.3601
127,209,36,-1617.8921,834.416,-2194.8521
131,209,36,-1989.3101,623.392,-1692.416
135,209,36,-2229.71,365.904,-1152.718
139,209,36,-2360.728,85.184,-592.586
143,209,36,-2387.1721,-205.216,-14.424
147,209,36,-2298.2241,-493.68,590.182
151,209,36,-2061.4299,-755.04,1183.97
155,209,36,-1647.942,-969.936,1705.6381
159,209,36,-1096.224,-1111.264,2057.824
163,209,36,-506.042,-1163.536,2198.458
167,209,36,32.454,-1124.816,2163.6001
171,209,36,471.184,-1010.592,2009.744
175,209,36,799.33,-840.224,1777.7581
179,209,36,1009.68,-635.008,1504.9041
183,209,36,1104.6381,-422.048,1224.838
187,209,36,1109.446,-222.64,968.812
191,209,36,1054.1541,-52.272,751.25
195,209,36,964.004,85.184,573.354
199,209,36,859.43,189.728,431.518
203,209,36,750.048,265.232,320.934
203,213,36,682.736,162.624,312.52
199,213,36,765.674,85.184,406.276
195,213,36,843.804,-19.36,524.072
191,213,36,905.106,-151.008,667.11
187,213,36,933.954,-307.824,840.198
183,213,36,909.914,-485.936,1040.932
179,213,36,816.158,-675.664,1258.494
175,213,36,631.05,-853.776,1473.652
171,213,36,349.782,-1000.912,1657.558
167,213,36,-24.04,-1097.712,1781.364
163,213,36,-480.8,-1126.752,1805.4041
159,213,36,-980.832,-1074.48,1682.8
155,213,36,-1450.8141,-931.216,1387.108
151,213,36,-1806.6061,-708.576,951.984
147,213,36,-2013.3501,-437.536,453.154
143,213,36,-2096.2881,-145.2,-54.09
139,213,36,-2080.6621,143.264,-549.314
135,213,36,-1973.6841,414.304,-1030.114
131,213,36,-1769.344,658.24,-1503.702
127,213,36,-1447.208,869.264,-1956.8561
123,213,36,-978.428,1039.632,-2342.698
119,213,36,-384.64,1157.728,-2557.856
115,213,36,231.986,1204.192,-2530.21
111,213,36,750.048,1155.792,-2281.396
107,213,36,1087.8101,1018.336,-1907.574
103,213,36,1251.282,820.864,-1509.712
99,213,36,1280.13,604.032,-1159.9301
95,213,36,1229.646,398.816,-876.258
91,213,36,1134.688,218.768,-651.484
87,213,36,1021.7,71.632,-480.8
83,213,36,901.5,-44.528,-350.984
79,213,36,783.704,-135.52,-251.218
79,217,36,706.776,-50.336,-236.794
83,217,36,798.128,40.656,-317.328
87,217,36,889.48,154.88,-421.902
91,217,36,972.418,298.144,-556.526
95,217,36,1037.326,468.512,-728.412
99,217,36,1066.1741,664.048,-945.974
103,217,36,1034.922,875.072,-1214.02
107,217,36,905.106,1078.3521,-1527.7421
111,217,36,641.868,1237.104,-1841.464
115,217,36,228.38,1308.736,-2089.0759
119,217,36,-293.288,1273.8879,-2172.0142
123,217,36,-819.764,1144.176,-2040.9961
127,217,36,-1246.474,956.384,-1735.688
131,217,36,-1534.954,735.68,-1347.442
135,217,36,-1711.6481,489.808,-932.752
139,217,36,-1795.7881,222.64,-518.062
143,217,36,-1800.5961,-58.08,-110.584
147,217,36,-1724.87,-348.48,302.904
151,217,36,-1549.3781,-619.52,700.766
155,217,36,-1259.696,-844.096,1056.558
159,217,36,-877.46,-993.168,1306.574
163,217,36,-466.376,-1055.12,1424.37
167,217,36,-85.342,-1039.632,1424.37
171,217,36,230.784,-958.32,1341.432
175,217,36,472.386,-834.416,1206.808
179,217,36,637.06,-679.536,1048.144
183,217,36,730.816,-516.912,888.278
187,217,36,769.28,-360.096,733.22
191,217,36,763.27,-218.768,596.192
195,217,36,727.21,-94.864,475.992
199,217,36,673.12,3.872,376.226
203,217,36,609.414,83.248,293.288
203,221,36,539.698,23.232,270.45
199,221,36,585.374,-50.336,337.762
195,221,36,620.232,-143.264,417.094
191,221,36,638.262,-251.68,509.648
187,221,36,629.848,-375.584,614.222
183,221,36,585.374,-509.168,729.614
179,221,36,494.022,-646.624,848.612
175,221,36,349.782,-774.4,961.6
171,221,36,144.24,-877.008,1054.1541
167,221,36,-118.998,-938.96,1107.042
163,221,36,-430.316,-942.832,1093.8201
159,221,36,-758.462,-873.136,994.054
155,221,36,-1062.568,-727.936,801.734
151,221,36,-1298.16,-513.04,537.294
147,221,36,-1448.41,-261.36,236.794
143,221,36,-1521.7321,9.68,-84.14
139,221,36,-1525.338,280.72,-412.286
135,221,36,-1459.228,547.888,-751.25
131,221,36,-1307.776,799.568,-1093.8201
127,221,36,-1050.548,1026.08,-1407.542
123,221,36,-675.524,1211.936,-1635.922
119,221,36,-235.592,1318.416,-1705.6381
115,221,36,180.3,1320.3521,-1615.488
111,221,36,503.638,1225.488,-1423.168
107,221,36,713.988,1064.8,-1194.788
103,221,36,826.976,873.136,-971.216
99,221,36,867.844,679.536,-776.492
95,221,36,860.632,501.424,-614.222
91,221,36,820.966,346.544,-480.8
87,221,36,764.472,212.96,-372.62
83,221,36,697.16,102.608,-286.076
79,221,36,626.242,11.616,-215.158
79,225,36,548.112,56.144,-192.32
83,225,36,601.0,139.392,-246.41
87,225,36,647.878,242.0,-313.722
91,225,36,682.736,360.096,-394.256
95,225,36,700.766,497.552,-490.416
99,225,36,691.15,650.496,-605.808
103,225,36,644.272,816.992,-739.23
107,225,36,540.9,981.552,-888.278
111,225,36,370.216,1126.752,-1038.5281
115,225,36,121.402,1223.552,-1167.142
119,225,36,-194.724,1244.848,-1234.454
123,225,36,-536.092,1175.152,-1200.798
127,225,36,-842.602,1016.4,-1057.76
131,225,36,-1064.972,805.376,-838.996
135,225,36,-1199.5961,567.248,-586.576
139,225,36,-1259.696,317.504,-328.146
143,225,36,-1257.292,67.76,-76.928
147,225,36,-1193.5861,-176.176,165.876
151,225,36,-1070.9821,-400.752,390.65
155,225,36,-885.874,-592.416,587.778
159,225,36,-651.484,-727.936,734.422
163,225,36,-395.458,-801.504,819.764
167,225,36,-149.048,-813.12,843.804
171,225,36,67.312,-772.464,819.764
175,225,36,241.602,-695.024,763.27
179,225,36,370.216,-596.288,687.544
183,225,36,456.76,-484.0,603.404
187,225,36,507.244,-373.648,518.062
191,225,36,525.274,-269.104,438.73
195,225,36,521.668,-172.304,364.206
199,225,36,502.436,-89.056,299.298
203,225,36,472.386,-19.36,242.804
203,229,36,409.882,-48.4,217.562
199,229,36,430.316,-112.288,262.036
195,229,36,438.73,-183.92,312.52
191,229,36,432.72,-265.232,369.014
187,229,36,407.478,-354.288,427.912
183,229,36,356.994,-443.344,489.214
179,229,36,278.864,-530.464,549.314
175,229,36,167.078,-605.968,599.798
171,229,36,21.636,-662.112,634.656
167,229,36,-152.654,-683.408,644.272
163,229,36,-347.378,-664.048,620.232
159,229,36,-545.708,-592.416,555.324
155,229,36,-726.008,-472.384,450.75
151,229,36,-871.45,-309.76,312.52
147,229,36,-972.418,-120.032,152.654
143,229,36,-1025.306,90.992,-26.444
139,229,36,-1025.306,309.76,-211.552
135,229,36,-971.216,528.528,-399.064
131,229,36,-857.026,735.68,-576.96
127,229,36,-676.726,911.856,-724.806
123,229,36,-441.134,1037.696,-822.168
119,229,36,-183.906,1088.032,-852.218
115,229,36,55.292,1066.736,-818.562
111,229,36,251.218,987.36,-747.644
107,229,36,394.256,871.2,-658.696
103,229,36,489.214,739.552,-564.94
99,229,36,542.102,604.032,-477.194
95,229,36,564.94,476.256,-396.66
91,229,36,562.536,358.16,-324.54
87,229,36,543.304,253.616,-263.238
83,229,36,512.052,162.624,-210.35
79,229,36,474.79,87.12,-165.876
79,233,36,407.478,102.608,-143.038
83,233,36,433.922,170.368,-176.694
87,233,36,451.952,249.744,-216.36
91,233,36,459.164,338.8,-262.036
95,233,36,450.75,435.6,-312.52
99,233,36,423.104,540.144,-367.812
103,233,36,367.812,646.624,-424.306
107,233,36,283.672,747.296,-482.002
111,233,36,164.674,834.416,-533.688
115,233,36,10.818,890.56,-569.748
119,233,36,-168.28,904.112,-580.566
123,233,36,-358.196,863.456,-556.526
127,233,36,-534.89,768.592,-492.82
131,233,36,-675.524,631.136,-395.458
135,233,36,-772.886,464.64,-274.056
139,233,36,-819.764,282.656,-143.038
143,233,36,-823.37,100.672,-8.414
147,233,36,-784.906,-75.504,121.402
151,233,36,-705.574,-236.192,239.198
155,233,36,-593.788,-369.776,340.166
159,233,36,-455.558,-474.32,418.296
163,233,36,-304.106,-538.208,469.982
167,233,36,-151.452,-565.312,494.022
171,233,36,-12.02,-555.632,492.82
175,233,36,109.382,-520.784,473.588
179,233,36,205.542,-464.64,439.932
183,233,36,276.46,-398.816,399.064
187,233,36,324.54,-325.248,354.59
191,233,36,353.388,-253.616,310.116
195,233,36,366.61,-185.856,265.642
199,233,36,365.408,-123.904,225.976
203,233,36,354.59,-67.76,188.714
203,237,36,305.308,-77.44,164.674
199,237,36,308.914,-127.776,193.522
195,237,36,306.51,-180.048,224.774
191,237,36,289.682,-236.192,258.43
187,237,36,260.834,-294.272,292.086
183,237,36,216.36,-350.416,323.338
179,237,36,153.856,-400.752,352.186
175,237,36,72.12,-439.472,375.024
171,237,36,-26.444,-462.704,385.842
167,237,36,-139.432,-464.64,384.64
163,237,36,-258.43,-435.6,365.408
159,237,36,-376.226,-379.456,326.944
155,237,36,-482.002,-294.272,271.652
151,237,36,-568.546,-181.984,199.532
147,237,36,-628.646,-54.208,116.594
143,237,36,-659.898,89.056,25.242
139,237,36,-656.292,238.128,-70.918
135,237,36,-615.424,383.328,-164.674
131,237,36,-539.698,516.912,-250.016
127,237,36,-431.518,625.328,-320.934
123,237,36,-299.298,698.896,-369.014
119,237,36,-157.462,733.744,-393.054
115,237,36,-20.434,729.872,-395.458
111,237,36,100.968,693.088,-378.63
107,237,36,198.33,633.072,-350.984
103,237,36,274.056,557.568,-316.126
99,237,36,325.742,474.32,-280.066
95,237,36,356.994,393.008,-242.804
91,237,36,372.62,311.696,-206.744
87,237,36,373.822,238.128,-173.088
83,237,36,365.408,170.368,-143.038
79,237,36,347.378,110.352,-116.594
79,241,36,296.894,112.288,-97.362
83,241,36,306.51,162.624,-117.796
87,241,36,308.914,220.704,-140.634
91,241,36,301.702,280.72,-164.674
95,241,36,283.672,344.608,-189.916
99,241,36,251.218,410.432,-215.158
103,241,36,204.34,472.384,-237.996
107,241,36,140.634,526.592,-259.632
111,241,36,60.1,569.184,-272.854
115,241,36,-34.858,592.416,-278.864
119,241,36,-139.432,590.48,-272.854
123,241,36,-246.41,559.504,-251.218
127,241,36,-346.176,501.424,-216.36
131,241,36,-427.912,416.24,-167.078
135,241,36,-488.012,311.696,-106.978
139,241,36,-519.264,197.472,-39.666
143,241,36,-524.072,79.376,28.848
147,241,36,-502.436,-36.784,97.362
151,241,36,-457.962,-141.328,157.462
155,241,36,-390.65,-230.384,210.35
159,241,36,-308.914,-303.952,252.42
163,241,36,-218.764,-352.352,281.268
167,241,36,-125.008,-379.456,298.096
171,241,36,-36.06,-385.264,302.904
175,241,36,44.474,-369.776,296.894
179,241,36,112.988,-342.672,282.47
183,241,36,167.078,-305.888,262.036
187,241,36,209.148,-261.36,239.198
191,241,36,236.794,-214.896,213.956
195,241,36,253.622,-168.432,188.714
199,241,36,262.036,-123.904,163.472
203,241,36,262.036,-81.312,139.432
203,245,36,224.774,-83.248,120.2
199,245,36,221.168,-118.096,139.432
195,245,36,212.754,-154.88,158.664
191,245,36,194.724,-193.6,177.896
187,245,36,168.28,-230.384,195.926
183,245,36,132.22,-263.296,213.956
179,245,36,85.342,-292.336,227.178
175,245,36,28.848,-311.696,236.794
171,245,36,-37.262,-319.44,240.4
167,245,36,-108.18,-309.76,236.794
163,245,36,-181.502,-286.528,223.572
159,245,36,-252.42,-245.872,201.936
155,245,36,-316.126,-185.856,171.886
151,245,36,-366.61,-114.224,133.422
147,245,36,-402.67,-29.04,88.948
143,245,36,-419.498,63.888,40.868
139,245,36,-415.892,156.816,-9.616
135,245,36,-389.448,247.808,-57.696
131,245,36,-343.772,329.12,-100.968
127,245,36,-281.268,396.88,-138.23
123,245,36,-206.744,445.28,-167.078
119,245,36,-125.008,472.384,-186.31
115,245,36,-44.474,480.128,-195.926
111,245,36,31.252,466.576,-195.926
107,245,36,97.362,437.536,-189.916
103,245,36,151.452,398.816,-177.896
99,245,36,193.522,352.352,-163.472
95,245,36,223.572,300.08,-145.442
91,245,36,242.804,249.744,-128.614
87,245,36,253.622,199.408,-110.584
83,245,36,254.824,151.008,-94.958
79,245,36,250.016,108.416,-79.332
79,249,36,212.754,100.672,-64.908
83,249,36,213.956,139.392,-76.928
87,249,36,209.148,178.112,-88.948
91,249,36,197.128,216.832,-100.968
95,249,36,177.896,259.424,-114.19
99,249,36,150.25,298.144,-125.008
103,249,36,114.19,332.992,-133.422
107,249,36,68.514,360.096,-140.634
111,249,36,14.424,379.456,-141.836
115,249,36,-44.474,385.264,-139.432
119,249,36,-106.978,377.52,-131.018
123,249,36,-169.482,354.288,-115.392
127,249,36,-227.178,315.568,-93.756
131,249,36,-274.056,261.36,-64.908
135,249,36,-308.914,197.472,-32.454
139,249,36,-329.348,125.84,2.404
143,249,36,-332.954,50.336,38.464
147,249,36,-320.934,-23.232,74.524
151,249,36,-294.49,-90.992,108.18
155,249,36,-254.824,-149.072,135.826
159,249,36,-205.542,-197.472,159.866
163,249,36,-150.25,-232.32,176.694
167,249,36,-92.554,-255.552,187.512
171,249,36,-36.06,-263.296,189.916
175,249,36,16.828,-259.424,188.714
179,249,36,64.908,-247.808,182.704
183,249,36,104.574,-226.512,173.088
187,249,36,137.028,-201.344,161.068
191,249,36,161.068,-170.368,146.644
195,249,36,177.896,-139.392,132.22
199,249,36,187.512,-108.416,116.594
203,249,36,191.118,-79.376,100.968
203,249,40,176.694,-63.888,102.17
199,249,40,171.886,-89.056,117.796
195,249,40,162.27,-118.096,132.22
191,249,40,146.644,-145.2,146.644
187,249,40,123.806,-170.368,159.866
183,249,40,93.756,-191.664,170.684
179,249,40,57.696,-209.088,179.098
175,249,40,15.626,-218.768,183.906
171,249,40,-33.656,-222.64,185.108
167,249,40,-84.14,-214.896,179.098
163,249,40,-134.624,-193.6,167.078
159,249,40,-183.906,-164.56,149.048
155,249,40,-227.178,-121.968,125.008
151,249,40,-262.036,-71.632,96.16
147,249,40,-284.874,-13.552,62.504
143,249,40,-295.692,48.4,25.242
139,249,40,-292.086,112.288,-10.818
135,249,40,-274.056,174.24,-46.878
131,249,40,-242.804,228.448,-79.332
127,249,40,-200.734,274.912,-108.18
123,249,40,-150.25,309.76,-131.018
119,249,40,-93.756,331.056,-146.644
115,249,40,-38.464,336.864,-156.26
111,249,40,15.626,332.992,-158.664
107,249,40,64.908,317.504,-156.26
103,249,40,106.978,292.336,-150.25
99,249,40,140.634,263.296,-139.432
95,249,40,167.078,228.448,-127.412
91,249,40,183.906,193.6,-114.19
87,249,40,195.926,154.88,-99.766
83,249,40,201.936,121.968,-86.544
79,249,40,201.936,87.12,-73.322
79,245,40,235.592,92.928,-87.746
83,245,40,239.198,129.712,-104.574
87,245,40,235.592,174.24,-122.604
91,245,40,225.976,216.832,-141.836
95,245,40,206.744,261.36,-161.068
99,245,40,177.896,305.888,-177.896
103,245,40,139.432,344.608,-194.724
107,245,40,90.15,377.52,-206.744
111,245,40,30.05,400.752,-213.956
115,245,40,-36.06,410.432,-212.754
119,245,40,-108.18,404.624,-204.34
123,245,40,-179.098,379.456,-186.31
127,245,40,-245.208,338.8,-158.664
131,245,40,-298.096,282.656,-121.402
135,245,40,-338.964,214.896,-78.13
139,245,40,-360.6,137.456,-31.252
143,245,40,-365.408,60.016,18.03
147,245,40,-352.186,-17.424,67.312
151,245,40,-322.136,-89.056,112.988
155,245,40,-278.864,-151.008,151.452
159,245,40,-224.774,-199.408,183.906
163,245,40,-163.472,-236.192,207.946
167,245,40,-99.766,-257.488,222.37
171,245,40,-36.06,-265.232,229.582
175,245,40,22.838,-259.424,228.38
179,245,40,74.524,-243.936,219.966
183,245,40,116.594,-220.704,209.148
187,245,40,150.25,-191.664,193.522
191,245,40,175.492,-160.688,175.492
195,245,40,192.32,-129.712,157.462
199,245,40,201.936,-94.864,138.23
203,245,40,205.542,-63.888,120.2
203,241,40,239.198,-61.952,138.23
199,241,40,236.794,-98.736,161.068
195,241,40,229.582,-137.456,185.108
191,241,40,212.754,-176.176,209.148
187,241,40,186.31,-216.832,233.188
183,241,40,147.846,-253.616,253.622
179,241,40,97.362,-284.592,270.45
175,241,40,37.262,-305.888,283.672
171,241,40,-34.858,-315.568,287.278
167,241,40,-112.988,-311.696,280.066
163,241,40,-193.522,-288.464,263.238
159,241,40,-271.652,-245.872,231.986
155,241,40,-341.368,-187.792,191.118
151,241,40,-397.862,-112.288,139.432
147,241,40,-437.528,-27.104,79.332
143,241,40,-455.558,67.76,14.424
139,241,40,-450.75,164.56,-51.686
135,241,40,-423.104,259.424,-116.594
131,241,40,-371.418,346.544,-176.694
127,241,40,-300.5,416.24,-225.976
123,241,40,-216.36,466.576,-263.238
119,241,40,-125.008,493.68,-284.874
115,241,40,-33.656,497.552,-293.288
111,241,40,50.484,482.064,-289.682
107,241,40,122.604,449.152,-275.258
103,241,40,181.502,404.624,-256.026
99,241,40,225.976,352.352,-230.784
95,241,40,257.228,298.144,-205.542
91,241,40,276.46,242.0,-179.098
87,241,40,284.874,187.792,-153.856
83,241,40,283.672,139.392,-128.614
79,241,40,276.46,92.928,-106.978
79,237,40,322.136,89.056,-126.21
83,237,40,334.156,141.328,-153.856
87,237,40,340.166,201.344,-185.108
91,237,40,336.56,263.296,-219.966
95,237,40,319.732,331.056,-256.026
99,237,40,288.48,400.752,-294.49
103,237,40,237.996,466.576,-330.55
107,237,40,169.482,524.656,-364.206
111,237,40,81.736,569.184,-389.448
115,237,40,-22.838,594.352,-401.468
119,237,40,-138.23,592.416,-396.66
123,237,40,-256.026,561.44,-372.62
127,237,40,-366.61,501.424,-326.944
131,237,40,-456.76,416.24,-262.036
135,237,40,-521.668,311.696,-182.704
139,237,40,-557.728,195.536,-94.958
143,237,40,-562.536,77.44,-3.606
147,237,40,-538.496,-38.72,85.342
151,237,40,-488.012,-141.328,165.876
155,237,40,-417.094,-232.32,235.592
159,237,40,-328.146,-302.016,292.086
163,237,40,-229.582,-350.416,331.752
167,237,40,-128.614,-373.648,354.59
171,237,40,-31.252,-375.584,361.802
175,237,40,55.292,-358.16,354.59
179,237,40,127.412,-327.184,336.56
183,237,40,185.108,-286.528,312.52
187,237,40,227.178,-240.064,282.47
191,237,40,256.026,-191.664,252.42
195,237,40,271.652,-143.264,221.168
199,237,40,277.662,-98.736,191.118
203,237,40,276.46,-56.144,162.27
203,233,40,318.53,-44.528,185.108
199,233,40,325.742,-90.992,219.966
195,233,40,324.54,-145.2,257.228
191,233,40,311.318,-201.344,298.096
187,233,40,281.268,-261.36,337.762
183,233,40,235.592,-319.44,377.428
179,233,40,170.684,-373.648,413.488
175,233,40,86.544,-416.24,441.134
171,233,40,-19.232,-441.408,455.558
167,233,40,-138.23,-447.216,451.952
163,233,40,-265.642,-423.984,426.71
159,233,40,-390.65,-371.712,377.428
155,233,40,-504.84,-290.4,305.308
151,233,40,-597.394,-185.856,212.754
147,233,40,-662.302,-60.016,105.776
143,233,40,-693.554,77.44,-13.222
139,233,40,-689.948,218.768,-135.826
135,233,40,-647.878,358.16,-257.228
131,233,40,-567.344,485.936,-369.014
127,233,40,-451.952,594.352,-460.366
123,233,40,-311.318,667.92,-524.072
119,233,40,-157.462,704.704,-554.122
115,233,40,-7.212,702.768,-552.92
111,233,40,123.806,665.984,-526.476
107,233,40,230.784,605.968,-484.406
103,233,40,311.318,532.4,-433.922
99,233,40,365.408,449.152,-379.832
95,233,40,396.66,363.968,-326.944
91,233,40,409.882,282.656,-275.258
87,233,40,408.68,209.088,-229.582
83,233,40,395.458,139.392,-188.714
79,233,40,375.024,81.312,-151.452
79,229,40,432.72,63.888,-173.088
83,229,40,462.77,127.776,-218.764
87,229,40,484.406,203.28,-271.652
91,229,40,495.224,290.4,-331.752
95,229,40,488.012,385.264,-400.266
99,229,40,459.164,487.872,-474.79
103,229,40,402.67,588.544,-555.324
107,229,40,311.318,683.408,-634.656
111,229,40,182.704,760.848,-703.17
115,229,40,18.03,807.312,-751.25
119,229,40,-171.886,811.184,-763.27
123,229,40,-369.014,768.592,-728.412
127,229,40,-549.314,677.6,-645.474
131,229,40,-693.554,551.76,-522.87
135,229,40,-793.32,400.752,-373.822
139,229,40,-843.804,236.192,-210.35
143,229,40,-847.41,71.632,-46.878
147,229,40,-806.542,-90.992,114.19
151,229,40,-726.008,-236.192,260.834
155,229,40,-608.212,-360.096,387.044
159,229,40,-463.972,-451.088,483.204
163,229,40,-305.308,-509.168,546.91
167,229,40,-145.442,-526.592,576.96
171,229,40,-1.202,-514.976,576.96
175,229,40,125.008,-476.256,554.122
179,229,40,224.774,-418.176,513.254
183,229,40,296.894,-352.352,463.972
187,229,40,346.176,-278.784,409.882
191,229,40,373.822,-207.152,355.792
195,229,40,384.64,-139.392,304.106
199,229,40,379.832,-79.376,256.026
203,229,40,366.61,-25.168,211.552
203,225,40,419.498,5.808,235.592
199,225,40,442.336,-54.208,288.48
195,225,40,454.356,-123.904,347.378
191,225,40,450.75,-201.344,413.488
187,225,40,426.71,-286.528,484.406
183,225,40,377.428,-373.648,557.728
179,225,40,296.894,-458.832,626.242
175,225,40,182.704,-532.4,687.544
171,225,40,34.858,-586.608,728.412
167,225,40,-143.038,-611.776,739.23
163,225,40,-340.166,-598.224,709.18
159,225,40,-540.9,-542.08,633.454
155,225,40,-723.604,-441.408,509.648
151,225,40,-872.652,-303.952,347.378
147,225,40,-973.62,-139.392,156.26
143,225,40,-1025.306,44.528,-52.888
139,225,40,-1022.902,232.32,-270.45
135,225,40,-965.206,416.24,-485.608
131,225,40,-848.612,586.608,-688.746
127,225,40,-673.12,731.808,-861.834
123,225,40,-447.144,840.224,-983.236
119,225,40,-195.926,896.368,-1031.316
115,225,40,46.878,894.432,-1010.882
111,225,40,253.622,840.224,-936.358
107,225,40,408.68,749.232,-831.784
103,225,40,513.254,636.944,-717.594
99,225,40,573.354,516.912,-604.606
95,225,40,597.394,396.88,-500.032
91,225,40,593.788,288.464,-406.276
87,225,40,573.354,191.664,-326.944
83,225,40,538.496,106.48,-258.43
79,225,40,496.426,32.912,-201.936
79,221,40,562.536,-9.68,-223.572
83,221,40,617.828,65.824,-289.682
87,221,40,667.11,156.816,-372.62
91,221,40,703.17,263.296,-473.588
95,221,40,718.796,385.264,-592.586
99,221,40,703.17,518.848,-732.018
103,221,40,643.07,654.368,-889.48
107,221,40,524.072,782.144,-1054.1541
111,221,40,337.762,882.816,-1203.202
115,221,40,82.938,937.024,-1310.1801
119,221,40,-218.764,933.152,-1340.23
123,221,40,-527.678,865.392,-1272.918
127,221,40,-800.532,747.296,-1114.254
131,221,40,-1008.478,590.48,-893.086
135,221,40,-1145.506,408.496,-632.252
139,221,40,-1215.222,211.024,-356.994
143,221,40,-1218.828,9.68,-81.736
147,221,40,-1159.9301,-189.728,188.714
151,221,40,-1037.326,-371.712,438.73
155,221,40,-854.622,-522.72,653.888
159,221,40,-626.242,-629.2,813.754
163,221,40,-377.428,-683.408,906.308
167,221,40,-135.826,-689.216,936.358
171,221,40,78.13,-650.496,914.722
175,221,40,252.42,-580.8,854.622
179,221,40,383.438,-487.872,771.684
183,221,40,471.184,-387.2,676.726
187,221,40,520.466,-282.656,580.566
191,221,40,538.496,-183.92,486.81
195,221,40,532.486,-94.864,401.468
199,221,40,509.648,-19.36,326.944
203,221,40,475.992,46.464,262.036
203,217,40,533.688,100.672,282.47
199,217,40,581.768,34.848,356.994
195,217,40,620.232,-46.464,445.942
191,217,40,638.262,-145.2,550.516
187,217,40,631.05,-255.552,667.11
183,217,40,585.374,-375.584,793.32
179,217,40,492.82,-497.552,920.732
175,217,40,346.176,-607.904,1038.5281
171,217,40,143.038,-695.024,1128.678
167,217,40,-110.584,-749.232,1170.748
163,217,40,-402.67,-755.04,1149.1121
159,217,40,-705.574,-704.704,1043.3361
155,217,40,-986.842,-598.224,852.218
151,217,40,-1210.4141,-441.408,586.576
147,217,40,-1357.058,-253.616,276.46
143,217,40,-1426.774,-44.528,-57.696
139,217,40,-1420.764,166.496,-396.66
135,217,40,-1341.432,369.776,-732.018
131,217,40,-1183.97,555.632,-1051.75
127,217,40,-945.974,714.384,-1333.0181
123,217,40,-628.646,838.288,-1548.176
119,217,40,-260.834,913.792,-1651.548
115,217,40,104.574,927.344,-1629.912
111,217,40,415.892,878.944,-1503.702
107,217,40,644.272,778.272,-1314.988
103,217,40,783.704,640.816,-1102.234
99,217,40,846.208,495.616,-897.894
95,217,40,853.42,350.416,-713.988
91,217,40,823.37,218.768,-560.132
87,217,40,769.28,106.48,-432.72
83,217,40,703.17,9.68,-329.348
79,217,40,629.848,-67.76,-246.41
79,213,40,695.958,-143.264,-258.43
83,213,40,786.108,-69.696,-350.984
87,213,40,872.652,25.168,-471.184
91,213,40,947.176,141.328,-622.636
95,213,40,995.256,278.784,-810.148
99,213,40,1000.064,427.856,-1038.5281
103,213,40,933.954,580.8,-1293.3521
107,213,40,774.088,718.256,-1560.196
111,213,40,503.638,820.864,-1788.576
115,213,40,134.624,871.2,-1929.2101
119,213,40,-290.884,859.584,-1940.0281
123,213,40,-712.786,789.888,-1807.808
127,213,40,-1074.588,671.792,-1555.3881
131,213,40,-1348.644,514.976,-1224.838
135,213,40,-1532.55,327.184,-851.016
139,213,40,-1627.5081,121.968,-455.558
143,213,40,-1639.5281,-90.992,-51.686
147,213,40,-1562.6,-303.952,353.388
151,213,40,-1391.916,-493.68,734.422
155,213,40,-1128.678,-648.56,1060.1641
159,213,40,-793.32,-753.104,1294.5541
163,213,40,-430.316,-797.632,1417.1581
167,213,40,-84.14,-784.08,1437.592
171,213,40,215.158,-716.32,1375.088
175,213,40,450.75,-611.776,1257.292
179,213,40,616.626,-482.064,1104.6381
183,213,40,712.786,-342.672,938.762
187,213,40,753.654,-207.152,776.492
191,213,40,748.846,-85.184,628.646
195,213,40,713.988,21.296,498.83
199,213,40,658.696,106.48,389.448
203,213,40,593.788,172.304,299.298
203,209,40,650.282,263.296,305.308
199,209,40,734.422,199.408,405.074
195,209,40,810.148,116.16,528.88
191,209,40,866.642,7.744,680.332
187,209,40,890.682,-123.904,859.43
183,209,40,863.036,-272.976,1062.568
179,209,40,764.472,-429.792,1274.12
175,209,40,581.768,-582.736,1472.4501
171,209,40,312.52,-708.576,1631.114
167,209,40,-34.858,-789.888,1720.062
163,209,40,-439.932,-816.992,1710.446
159,209,40,-866.642,-780.208,1574.62
155,209,40,-1259.696,-679.536,1308.978
151,209,40,-1567.4081,-530.464,932.752
147,209,40,-1764.536,-344.608,491.618
143,209,40,-1853.484,-135.52,18.03
139,209,40,-1841.464,77.44,-454.356
135,209,40,-1732.082,284.592,-913.52
131,209,40,-1524.136,472.384,-1348.644
127,209,40,-1212.818,627.264,-1733.2841
123,209,40,-801.734,737.616,-2031.38
119,209,40,-325.742,793.76,-2197.2561
115,209,40,159.866,791.824,-2203.2661
111,209,40,585.374,729.872,-2057.824
107,209,40,899.096,623.392,-1806.6061
103,209,40,1085.406,482.064,-1501.298
99,209,40,1156.324,327.184,-1198.394
95,209,40,1144.3041,174.24,-925.54
91,209,40,1076.9921,36.784,-698.362
87,209,40,979.63,-77.44,-515.658
83,209,40,869.046,-170.368,-373.822
79,209,40,758.462,-240.064,-262.036
79,205,40,811.35,-356.224,-253.622
83,205,40,942.368,-296.208,-369.014
87,205,40,1076.9921,-214.896,-525.274
91,205,40,1199.5961,-106.48,-728.412
95,205,40,1289.746,27.104,-988.044
99,205,40,1317.392,180.048,-1300.564
103,205,40,1245.272,340.736,-1649.144
107,205,40,1043.3361,493.68,-1997.724
111,205,40,697.16,619.52,-2285.002
115,205,40,224.774,704.704,-2452.0801
119,205,40,-319.732,733.744,-2454.4841
123,205,40,-860.632,698.896,-2278.9919
127,205,40,-1329.412,598.224,-1949.644
131,205,40,-1686.406,443.344,-1514.52
135,205,40,-1924.402,255.552,-1018.094
139,205,40,-2048.208,50.336,-486.81
143,205,40,-2061.4299,-156.816,54.09
147,205,40,-1962.8661,-358.16,594.99
151,205,40,-1741.698,-536.272,1104.6381
155,205,40,-1395.522,-681.472,1542.166
159,205,40,-948.378,-778.272,1857.0901
163,205,40,-456.76,-811.184,2018.1581
167,205,40,15.626,-772.464,2027.774
171,205,40,418.296,-669.856,1914.786
175,205,40,724.806,-520.784,1717.6581
179,205,40,926.742,-346.544,1468.844
183,205,40,1022.902,-172.304,1206.808
187,205,40,1036.124,-9.68,959.196
191,205,40,989.246,125.84,741.634
195,205,40,907.51,236.192,561.334
199,205,40,808.946,315.568,415.892
203,205,40,703.17,373.648,301.702
203,201,40,744.038,503.36,278.864
199,201,40,870.248,458.832,397.862
195,201,40,997.66,389.136,554.122
191,201,40,1111.85,288.464,756.058
187,201,40,1189.98,151.008,1007.276
183,201,40,1202.0,-19.36,1302.968
179,201,40,1116.6581,-212.96,1625.104
175,201,40,906.308,-412.368,1936.422
171,201,40,562.536,-592.416,2196.054
167,201,40,98.564,-718.256,2348.708
163,201,40,-449.548,-774.4,2348.708
159,201,40,-1012.084,-753.104,2167.2061
155,201,40,-1515.722,-662.112,1810.212
151,201,40,-1902.766,-524.656,1316.1901
147,201,40,-2150.3779,-358.16,747.644
143,201,40,-2264.5681,-168.432,141.836
139,201,40,-2254.9521,29.04,-469.982
135,201,40,-2123.9341,226.512,-1069.78
131,201,40,-1859.494,410.432,-1643.134
127,201,40,-1461.6321,559.504,-2144.3679
123,201,40,-926.742,652.432,-2525.4021
119,201,40,-312.52,675.664,-2721.3281
115,201,40,299.298,621.456,-2706.9041
111,201,40,823.37,503.36,-2509.7761
107,201,40,1199.5961,350.416,-2185.2361
103,201,40,1414.754,176.176,-1795.7881
99,201,40,1480.864,3.872,-1402.734
95,201,40,1433.9861,-149.072,-1050.548
91,201,40,1317.392,-278.784,-758.462
87,201,40,1167.142,-375.584,-530.082
83,201,40,1007.276,-445.28,-356.994
79,201,40,853.42,-489.808,-227.178
79,197,40,876.258,-640.816,-180.3
83,197,40,1050.548,-615.648,-305.308
87,197,40,1239.262,-563.376,-480.8
91,197,40,1420.764,-482.064,-719.998
95,197,40,1571.014,-362.032,-1032.5181
99,197,40,1650.3461,-207.152,-1423.168
103,197,40,1605.8721,-19.36,-1865.504
107,197,40,1395.522,180.048,-2318.658
111,197,40,998.862,371.712,-2708.106
115,197,40,424.306,524.656,-2964.1321
119,197,40,-263.238,604.032,-3006.2021
123,197,40,-956.792,598.224,-2804.2661
127,197,40,-1560.196,516.912,-2383.5662
131,197,40,-2007.3401,379.456,-1819.828
135,197,40,-2297.022,209.088,-1179.162
139,197,40,-2440.0601,27.104,-508.446
143,197,40,-2449.676,-156.816,169.482
147,197,40,-2325.8701,-334.928,843.804
151,197,40,-2061.4299,-489.808,1479.662
155,197,40,-1641.932,-615.648,2043.4
159,197,40,-1083.0021,-696.96,2465.302
163,197,40,-443.538,-704.704,2687.6721
167,197,40,187.512,-627.264,2688.874
171,197,40,719.998,-470.448,2498.958
175,197,40,1104.6381,-261.36,2176.822
179,197,40,1322.2001,-36.784,1790.98
183,197,40,1389.5121,174.24,1401.532
187,197,40,1342.634,348.48,1050.548
191,197,40,1228.444,480.128,762.068
195,197,40,1079.396,569.184,537.294
199,197,40,920.732,625.328,363.004
203,197,40,768.078,652.432,234.39
203,193,40,772.886,816.992,165.876
199,193,40,947.176,813.12,288.48
195,193,40,1138.2941,780.208,461.568
191,193,40,1329.412,710.512,699.564
187,193,40,1492.884,592.416,1016.892
183,193,40,1585.438,420.112,1418.36
179,193,40,1551.782,201.344,1882.332
175,193,40,1339.0281,-46.464,2357.1221
171,193,40,924.338,-286.528,2771.812
167,193,40,323.338,-476.256,3024.2319
163,193,40,-396.66,-584.672,3039.8582
159,193,40,-1121.4661,-604.032,2791.0439
155,193,40,-1740.496,-545.952,2316.2542
151,193,40,-2198.458,-439.472,1688.8101
147,193,40,-2488.1401,-300.08,988.044
143,193,40,-2625.168,-141.328,248.814
139,193,40,-2617.9561,25.168,-497.628
135,193,40,-2467.7061,187.792,-1239.262
131,193,40,-2157.5901,338.8,-1955.6541
127,193,40,-1665.972,456.896,-2595.1182
123,193,40,-995.256,518.848,-3077.1201
119,193,40,-213.956,505.296,-3305.5
115,193,40,562.536,398.816,-3245.4001
111,193,40,1198.394,212.96,-2931.678
107,193,40,1620.296,-13.552,-2461.696
103,193,40,1818.626,-243.936,-1936.422
99,193,40,1828.2421,-445.28,-1433.9861
95,193,40,1708.042,-600.16,-1006.074
91,193,40,1514.52,-706.64,-668.312
87,193,40,1296.958,-772.464,-418.296
83,193,40,1080.598,-803.44,-235.592
79,193,40,882.268,-807.312,-106.978
79,189,40,863.036,-981.552,-8.414
83,189,40,1080.598,-1002.848,-120.2
87,189,40,1327.0081,-997.04,-292.086
91,189,40,1584.2361,-954.448,-536.092
95,189,40,1828.2421,-863.456,-882.268
99,189,40,2007.3401,-712.448,-1342.634
103,189,40,2050.6121,-503.36,-1906.3721
107,189,40,1879.928,-249.744,-2529.0081
111,189,40,1447.208,9.68,-3103.564
115,189,40,754.856,230.384,-3505.032
119,189,40,-106.978,369.776,-3608.4041
123,189,40,-980.832,416.24,-3374.0142
127,189,40,-1723.6681,381.392,-2851.144
131,189,40,-2260.9622,290.4,-2153.9841
135,189,40,-2599.926,166.496,-1367.876
139,189,40,-2763.3979,27.104,-554.122
143,189,40,-2771.812,-114.224,258.43
147,189,40,-2628.7742,-247.808,1069.78
151,189,40,-2322.2642,-362.032,1843.868
155,189,40,-1828.2421,-441.408,2544.634
159,189,40,-1149.1121,-466.576,3085.5339
163,189,40,-343.772,-414.304,3372.812
167,189,40,469.982,-269.104,3343.9641
171,189,40,1140.698,-46.464,3030.2419
175,189,40,1587.842,218.768,2529.0081
179,189,40,1787.374,482.064,1954.452
183,189,40,1781.364,704.704,1413.552
187,189,40,1631.114,865.392,957.994
191,189,40,1414.754,964.128,611.818
195,189,40,1177.96,1008.656,363.004
199,189,40,954.388,1016.4,187.512
203,189,40,754.856,993.168,69.716
203,185,40,706.776,1171.28,-57.696
199,185,40,925.54,1225.488,40.868
195,185,40,1182.7681,1254.528,197.128
191,185,40,1465.238,1242.912,437.528
187,185,40,1746.506,1175.152,794.522
183,185,40,1964.068,1035.76,1290.948
179,185,40,2033.7841,822.8,1908.776
175,185,40,1864.302,553.696,2586.7041
171,185,40,1406.34,267.168,3202.1282
167,185,40,675.524,9.68,3607.2021
163,185,40,-221.168,-178.112,3678.1201
159,185,40,-1116.6581,-280.72,3387.2361
155,185,40,-1866.7061,-300.08,2803.064
151,185,40,-2406.4041,-261.36,2040.9961
147,185,40,-2740.5601,-181.984,1199.5961
143,185,40,-2898.022,-83.248,325.742
139,185,40,-2892.012,23.232,-557.728
135,185,40,-2718.9241,129.712,-1442.4
131,185,40,-2357.1221,216.832,-2299.426
127,185,40,-1776.556,272.976,-3067.5042
123,185,40,-961.6,272.976,-3649.272
119,185,40,7.212,189.728,-3901.6921
115,185,40,964.004,11.616,-3758.6541
111,185,40,1717.6581,-240.064,-3274.248
107,185,40,2162.3979,-524.656,-2590.3101
103,185,40,2297.022,-793.76,-1872.7161
99,185,40,2190.0439,-1004.784,-1236.858
95,185,40,1943.634,-1146.1119,-738.028
91,185,40,1640.73,-1217.744,-383.438
87,185,40,1337.826,-1235.168,-140.634
83,185,40,1060.1641,-1211.936,20.434
79,185,40,818.562,-1165.472,120.2
